close,high,low,open,volume,adjClose,adjHigh,adjLow,adjOpen,adjVolume,divCash,splitFactor
28.08,29.5,27.65,28.94,928100.0,1.872,1.9666666667,1.8433333333,1.9293333333,13921500,0.0,1.0
27.71,28.67,27.5,28.21,630100.0,1.8473333333,1.9113333333,1.8333333333,1.8806666667,9451500,0.0,1.0
27.12,27.93,26.85,27.76,1005500.0,1.808,1.862,1.79,1.8506666667,15082500,0.0,1.0
26.91,27.79,26.41,27.2,986300.0,1.794,1.8526666667,1.7606666667,1.8133333333,14794500,0.0,1.0
27.25,27.49,26.12,27.0,897000.0,1.8166666667,1.8326666667,1.7413333333,1.8,13455000,0.0,1.0
27.62,27.76,27.25,27.44,671800.0,1.8413333333,1.8506666667,1.8166666667,1.8293333333,10077000,0.0,1.0
28.23,28.38,27.3,27.62,672300.0,1.882,1.892,1.82,1.8413333333,10084500,0.0,1.0
28.25,28.62,27.805,28.48,729300.0,1.8833333333,1.908,1.8536666667,1.8986666667,10939500,0.0,1.0
22.79,28.5,22.64,28.4,5500400.0,1.5193333333,1.9,1.5093333333,1.8933333333,82506000,0.0,1.0
26.6,27.34,26.41,26.62,4651600.0,1.7733333333,1.8226666667,1.7606666667,1.7746666667,69774000,0.0,1.0
26.81,26.88,26.25,26.69,1260200.0,1.7873333333,1.792,1.75,1.7793333333,18903000,0.0,1.0
26.76,27.74,26.61,27.19,1246300.0,1.784,1.8493333333,1.774,1.8126666667,18694500,0.0,1.0
26.6,27.0,26.4,26.9,662300.0,1.7733333333,1.8,1.76,1.7933333333,9934500,0.0,1.0
26.77,27.21,26.6,26.81,594600.0,1.7846666667,1.814,1.7733333333,1.7873333333,8919000,0.0,1.0
27.42,27.68,26.4399,26.63,858000.0,1.828,1.8453333333,1.76266,1.7753333333,12870000,0.0,1.0
27.97,28.01,27.05,27.27,611200.0,1.8646666667,1.8673333333,1.8033333333,1.818,9168000,0.0,1.0
28.94,29.58,28.0,28.07,1271100.0,1.9293333333,1.972,1.8666666667,1.8713333333,19066500,0.0,1.0
29.33,29.72,28.5,28.5,748400.0,1.9553333333,1.9813333333,1.9,1.9,11226000,0.0,1.0
29.57,29.61,28.529,29.49,729000.0,1.9713333333,1.974,1.9019333333,1.966,10935000,0.0,1.0
29.07,30.0,28.87,29.9,956400.0,1.938,2.0,1.9246666667,1.9933333333,14346000,0.0,1.0
29.58,29.7,29.0,29.07,523200.0,1.972,1.98,1.9333333333,1.938,7848000,0.0,1.0
30.25,30.88,29.605,29.72,805700.0,2.0166666667,2.0586666667,1.9736666667,1.9813333333,12085500,0.0,1.0
31.15,31.33,30.25,30.41,764500.0,2.0766666667,2.0886666667,2.0166666667,2.0273333333,11467500,0.0,1.0
31.8,31.9,31.05,31.1,652100.0,2.12,2.1266666667,2.07,2.0733333333,9781500,0.0,1.0
31.6,31.8,30.82,31.8,1021600.0,2.1066666667,2.12,2.0546666667,2.12,15324000,0.0,1.0
31.93,32.01,31.29,31.6,623700.0,2.1286666667,2.134,2.086,2.1066666667,9355500,0.0,1.0
32.58,32.9,31.43,32.0,1277100.0,2.172,2.1933333333,2.0953333333,2.1333333333,19156500,0.0,1.0
31.1,32.2695,29.84,32.26,1874200.0,2.0733333333,2.1513,1.9893333333,2.1506666667,28113000,0.0,1.0
31.49,32.06,30.9,31.55,1157900.0,2.0993333333,2.1373333333,2.06,2.1033333333,17368500,0.0,1.0
33.17,33.79,31.4,31.74,1810800.0,2.2113333333,2.2526666667,2.0933333333,2.116,27162000,0.0,1.0
33.6,34.41,32.27,33.1,2761800.0,2.24,2.294,2.1513333333,2.2066666667,41427000,0.0,1.0
34.18,34.51,32.54,33.5,2219700.0,2.2786666667,2.3006666667,2.1693333333,2.2333333333,33295500,0.0,1.0
34.97,34.97,33.5,33.99,1376700.0,2.3313333333,2.3313333333,2.2333333333,2.266,20650500,0.0,1.0
34.5,34.87,33.81,34.87,1135800.0,2.3,2.3246666667,2.254,2.3246666667,17037000,0.0,1.0
34.22,34.72,32.5,34.5,1654600.0,2.2813333333,2.3146666667,2.1666666667,2.3,24819000,0.0,1.0
34.53,34.97,33.56,33.86,820400.0,2.302,2.3313333333,2.2373333333,2.2573333333,12306000,0.0,1.0
33.75,34.52,33.27,34.23,959900.0,2.25,2.3013333333,2.218,2.282,14398500,0.0,1.0
33.62,34.0,33.0,33.41,606000.0,2.2413333333,2.2666666667,2.2,2.2273333333,9090000,0.0,1.0
33.81,34.44,33.17,33.64,612200.0,2.254,2.296,2.2113333333,2.2426666667,9183000,0.0,1.0
33.41,34.12,33.14,33.81,535700.0,2.2273333333,2.2746666667,2.2093333333,2.254,8035500,0.0,1.0
34.41,34.5,33.305,33.51,703500.0,2.294,2.3,2.2203333333,2.234,10552500,0.0,1.0
34.04,34.5,33.71,34.4,550000.0,2.2693333333,2.3,2.2473333333,2.2933333333,8250000,0.0,1.0
33.77,34.4,33.46,34.35,467000.0,2.2513333333,2.2933333333,2.2306666667,2.29,7005000,0.0,1.0
33.11,33.28,32.62,33.25,573800.0,2.2073333333,2.2186666667,2.1746666667,2.2166666667,8607000,0.0,1.0
33.12,33.315,32.9105,33.12,364900.0,2.208,2.221,2.1940333333,2.208,5473500,0.0,1.0
33.07,33.49,33.04,33.11,633300.0,2.2046666667,2.2326666667,2.2026666667,2.2073333333,9499500,0.0,1.0
34.74,35.31,33.2,33.2,1553400.0,2.316,2.354,2.2133333333,2.2133333333,23301000,0.0,1.0
36.01,36.29,34.6,34.69,1963300.0,2.4006666667,2.4193333333,2.3066666667,2.3126666667,29449500,0.0,1.0
36.09,36.59,35.5,36.51,1001600.0,2.406,2.4393333333,2.3666666667,2.434,15024000,0.0,1.0
35.29,36.0,34.8,36.0,851500.0,2.3526666667,2.4,2.32,2.4,12772500,0.0,1.0
35.0,35.48,34.78,35.28,571600.0,2.3333333333,2.3653333333,2.3186666667,2.352,8574000,0.0,1.0
35.32,35.89,34.83,34.9,729300.0,2.3546666667,2.3926666667,2.322,2.3266666667,10939500,0.0,1.0
34.98,35.32,34.54,35.26,1015600.0,2.332,2.3546666667,2.3026666667,2.3506666667,15234000,0.0,1.0
34.96,35.2,34.57,34.98,567000.0,2.3306666667,2.3466666667,2.3046666667,2.332,8505000,0.0,1.0
35.15,35.3,34.6,34.94,607200.0,2.3433333333,2.3533333333,2.3066666667,2.3293333333,9108000,0.0,1.0
34.4,35.15,34.3,34.97,522400.0,2.2933333333,2.3433333333,2.2866666667,2.3313333333,7836000,0.0,1.0
34.08,34.63,33.15,34.26,1170600.0,2.272,2.3086666667,2.21,2.284,17559000,0.0,1.0
37.4,38.09,35.0414,35.59,3140500.0,2.4933333333,2.5393333333,2.3360933333,2.3726666667,47107500,0.0,1.0
37.94,39.95,37.03,37.16,2539200.0,2.5293333333,2.6633333333,2.4686666667,2.4773333333,38088000,0.0,1.0
37.85,38.44,37.1104,37.78,955000.0,2.5233333333,2.5626666667,2.4740266667,2.5186666667,14325000,0.0,1.0
37.33,38.19,37.03,38.19,796400.0,2.4886666667,2.546,2.4686666667,2.546,11946000,0.0,1.0
37.24,37.94,36.68,37.52,886400.0,2.4826666667,2.5293333333,2.4453333333,2.5013333333,13296000,0.0,1.0
36.58,37.97,36.53,37.33,1028600.0,2.4386666667,2.5313333333,2.4353333333,2.4886666667,15429000,0.0,1.0
38.01,38.4696,36.67,36.7,1098100.0,2.534,2.56464,2.4446666667,2.4466666667,16471500,0.0,1.0
35.0,35.49,34.69,35.27,4481800.0,2.3333333333,2.366,2.3126666667,2.3513333333,67227000,0.0,1.0
34.48,35.44,34.41,35.1,1509400.0,2.2986666667,2.3626666667,2.294,2.34,22641000,0.0,1.0
33.15,34.29,33.1,34.1,1655700.0,2.21,2.286,2.2066666667,2.2733333333,24835500,0.0,1.0
32.46,33.849,32.1,33.15,1847700.0,2.164,2.2566,2.14,2.21,27715500,0.0,1.0
33.09,33.29,32.01,33.24,1105500.0,2.206,2.2193333333,2.134,2.216,16582500,0.0,1.0
33.44,34.48,32.92,33.77,1033900.0,2.2293333333,2.2986666667,2.1946666667,2.2513333333,15508500,0.0,1.0
33.59,34.04,32.85,33.94,649600.0,2.2393333333,2.2693333333,2.19,2.2626666667,9744000,0.0,1.0
32.25,33.7,32.09,33.41,1099600.0,2.15,2.2466666667,2.1393333333,2.2273333333,16494000,0.0,1.0
32.24,33.07,32.04,32.43,1115500.0,2.1493333333,2.2046666667,2.136,2.162,16732500,0.0,1.0
32.66,32.75,31.53,32.09,823100.0,2.1773333333,2.1833333333,2.102,2.1393333333,12346500,0.0,1.0
33.16,33.43,32.5,32.75,774900.0,2.2106666667,2.2286666667,2.1666666667,2.1833333333,11623500,0.0,1.0
33.16,33.7299,32.94,33.14,821800.0,2.2106666667,2.24866,2.196,2.2093333333,12327000,0.0,1.0
31.94,32.97,31.71,32.86,890800.0,2.1293333333,2.198,2.114,2.1906666667,13362000,0.0,1.0
31.82,32.2,31.0,31.82,674500.0,2.1213333333,2.1466666667,2.0666666667,2.1213333333,10117500,0.0,1.0
32.91,32.99,32.07,32.07,712200.0,2.194,2.1993333333,2.138,2.138,10683000,0.0,1.0
33.49,33.52,32.91,32.96,425300.0,2.2326666667,2.2346666667,2.194,2.1973333333,6379500,0.0,1.0
33.34,33.63,32.91,33.6,591000.0,2.2226666667,2.242,2.194,2.24,8865000,0.0,1.0
33.13,33.36,32.58,33.27,413900.0,2.2086666667,2.224,2.172,2.218,6208500,0.0,1.0
33.78,34.21,33.13,33.13,659000.0,2.252,2.2806666667,2.2086666667,2.2086666667,9885000,0.0,1.0
33.94,34.39,33.39,33.5,497300.0,2.2626666667,2.2926666667,2.226,2.2333333333,7459500,0.0,1.0
32.46,34.0,32.13,33.91,841300.0,2.164,2.2666666667,2.142,2.2606666667,12619500,0.0,1.0
31.83,32.46,31.4,32.2,1247500.0,2.122,2.164,2.0933333333,2.1466666667,18712500,0.0,1.0
32.47,32.58,31.61,31.96,1158000.0,2.1646666667,2.172,2.1073333333,2.1306666667,17370000,0.0,1.0
30.19,32.7281,29.37,32.5,3097200.0,2.0126666667,2.1818733333,1.958,2.1666666667,46458000,0.0,1.0
30.06,30.77,29.76,30.3,1947900.0,2.004,2.0513333333,1.984,2.02,29218500,0.0,1.0
32.96,34.68,32.4,32.97,5556300.0,2.1973333333,2.312,2.16,2.198,83344500,0.0,1.0
32.25,33.44,32.16,32.49,1221300.0,2.15,2.2293333333,2.144,2.166,18319500,0.0,1.0
30.06,32.13,30.05,31.92,1380900.0,2.004,2.142,2.0033333333,2.128,20713500,0.0,1.0
29.43,30.96,29.22,30.26,1585700.0,1.962,2.064,1.948,2.0173333333,23785500,0.0,1.0
29.18,30.18,28.88,29.58,1257100.0,1.9453333333,2.012,1.9253333333,1.972,18856500,0.0,1.0
28.57,29.79,28.24,29.3,1149000.0,1.9046666667,1.986,1.8826666667,1.9533333333,17235000,0.0,1.0
27.56,28.46,26.83,28.37,1616500.0,1.8373333333,1.8973333333,1.7886666667,1.8913333333,24247500,0.0,1.0
28.77,29.26,27.12,27.58,1475200.0,1.918,1.9506666667,1.808,1.8386666667,22128000,0.0,1.0
30.79,31.34,30.0,30.1,2366200.0,2.0526666667,2.0893333333,2.0,2.0066666667,35493000,0.0,1.0
31.02,31.05,29.5,30.56,1220400.0,2.068,2.07,1.9666666667,2.0373333333,18306000,0.0,1.0
30.32,31.25,29.69,31.25,1075600.0,2.0213333333,2.0833333333,1.9793333333,2.0833333333,16134000,0.0,1.0
29.81,30.4076,29.2,30.16,757000.0,1.9873333333,2.0271733333,1.9466666667,2.0106666667,11355000,0.0,1.0
31.69,31.93,30.01,30.01,1650000.0,2.1126666667,2.1286666667,2.0006666667,2.0006666667,24750000,0.0,1.0
30.41,31.42,30.24,31.08,1307200.0,2.0273333333,2.0946666667,2.016,2.072,19608000,0.0,1.0
29.5,30.29,28.75,30.07,1118700.0,1.9666666667,2.0193333333,1.9166666667,2.0046666667,16780500,0.0,1.0
28.15,29.16,27.76,28.53,885800.0,1.8766666667,1.944,1.8506666667,1.902,13287000,0.0,1.0
27.88,28.41,27.11,28.03,1030900.0,1.8586666667,1.894,1.8073333333,1.8686666667,15463500,0.0,1.0
27.91,28.39,27.56,27.84,630900.0,1.8606666667,1.8926666667,1.8373333333,1.856,9463500,0.0,1.0
29.22,29.45,28.14,28.2,909900.0,1.948,1.9633333333,1.876,1.88,13648500,0.0,1.0
28.93,29.87,28.85,29.81,492100.0,1.9286666667,1.9913333333,1.9233333333,1.9873333333,7381500,0.0,1.0
30.08,30.19,28.1475,28.86,881100.0,2.0053333333,2.0126666667,1.8765,1.924,13216500,0.0,1.0
29.12,31.0,28.9584,30.31,636000.0,1.9413333333,2.0666666667,1.93056,2.0206666667,9540000,0.0,1.0
29.66,29.84,28.81,29.23,569000.0,1.9773333333,1.9893333333,1.9206666667,1.9486666667,8535000,0.0,1.0
29.77,30.64,29.47,29.55,844100.0,1.9846666667,2.0426666667,1.9646666667,1.97,12661500,0.0,1.0
29.39,30.65,28.62,30.18,872200.0,1.9593333333,2.0433333333,1.908,2.012,13083000,0.0,1.0
29.91,29.95,28.81,29.39,646800.0,1.994,1.9966666667,1.9206666667,1.9593333333,9702000,0.0,1.0
31.84,32.33,29.5,29.94,1256800.0,2.1226666667,2.1553333333,1.9666666667,1.996,18852000,0.0,1.0
32.09,32.6594,31.5,32.02,911100.0,2.1393333333,2.1772933333,2.1,2.1346666667,13666500,0.0,1.0
33.78,34.5,33.21,33.5,3422400.0,2.252,2.3,2.214,2.2333333333,51336000,0.0,1.0
32.19,34.28,31.84,34.26,1891900.0,2.146,2.2853333333,2.1226666667,2.284,28378500,0.0,1.0
33.785,33.98,32.46,32.6,3046600.0,2.2523333333,2.2653333333,2.164,2.1733333333,45699000,0.0,1.0
33.11,34.12,32.75,33.94,1498500.0,2.2073333333,2.2746666667,2.1833333333,2.2626666667,22477500,0.0,1.0
31.61,32.35,31.39,32.05,2613900.0,2.1073333333,2.1566666667,2.0926666667,2.1366666667,39208500,0.0,1.0
31.96,32.445,31.57,31.9,1047200.0,2.1306666667,2.163,2.1046666667,2.1266666667,15708000,0.0,1.0
31.41,32.11,30.62,31.9,914100.0,2.094,2.1406666667,2.0413333333,2.1266666667,13711500,0.0,1.0
31.29,32.8,31.0,32.8,1125800.0,2.086,2.1866666667,2.0666666667,2.1866666667,16887000,0.0,1.0
30.4,31.7995,30.19,31.35,1315600.0,2.0266666667,2.1199666667,2.0126666667,2.09,19734000,0.0,1.0
30.66,31.0,30.4,30.6,947000.0,2.044,2.0666666667,2.0266666667,2.04,14205000,0.0,1.0
31.23,31.67,30.8,30.81,1253800.0,2.082,2.1113333333,2.0533333333,2.054,18807000,0.0,1.0
30.99,31.73,30.8,30.99,784500.0,2.066,2.1153333333,2.0533333333,2.066,11767500,0.0,1.0
31.49,31.83,30.67,30.94,910500.0,2.0993333333,2.122,2.0446666667,2.0626666667,13657500,0.0,1.0
31.27,32.48,30.89,31.54,758400.0,2.0846666667,2.1653333333,2.0593333333,2.1026666667,11376000,0.0,1.0
31.51,31.68,31.01,31.57,638600.0,2.1006666667,2.112,2.0673333333,2.1046666667,9579000,0.0,1.0
32.7,33.01,30.8,31.29,1125700.0,2.18,2.2006666667,2.0533333333,2.086,16885500,0.0,1.0
34.25,34.4,32.83,32.97,1304800.0,2.2833333333,2.2933333333,2.1886666667,2.198,19572000,0.0,1.0
35.96,36.0,33.9,34.32,1744000.0,2.3973333333,2.4,2.26,2.288,26160000,0.0,1.0
33.35,35.21,32.38,35.0,2569300.0,2.2233333333,2.3473333333,2.1586666667,2.3333333333,38539500,0.0,1.0
32.15,33.67,31.06,31.42,2881900.0,2.1433333333,2.2446666667,2.0706666667,2.0946666667,43228500,0.0,1.0
32.27,33.15,32.04,32.72,1435900.0,2.1513333333,2.21,2.136,2.1813333333,21538500,0.0,1.0
31.79,32.25,31.25,32.07,1568500.0,2.1193333333,2.15,2.0833333333,2.138,23527500,0.0,1.0
30.66,31.3,30.62,31.05,1386800.0,2.044,2.0866666667,2.0413333333,2.07,20802000,0.0,1.0
29.84,31.04,29.62,30.66,1500300.0,1.9893333333,2.0693333333,1.9746666667,2.044,22504500,0.0,1.0
28.95,29.98,28.75,29.92,2842200.0,1.93,1.9986666667,1.9166666667,1.9946666667,42633000,0.0,1.0
28.13,30.0,27.64,29.9,2262300.0,1.8753333333,2.0,1.8426666667,1.9933333333,33934500,0.0,1.0
29.51,29.66,28.1,28.71,1673000.0,1.9673333333,1.9773333333,1.8733333333,1.914,25095000,0.0,1.0
27.35,30.248,27.21,29.51,2065200.0,1.8233333333,2.0165333333,1.814,1.9673333333,30978000,0.0,1.0
27.42,27.97,27.35,27.54,1575100.0,1.828,1.8646666667,1.8233333333,1.836,23626500,0.0,1.0
26.25,27.99,26.03,27.99,1592300.0,1.75,1.866,1.7353333333,1.866,23884500,0.0,1.0
26.1,26.85,25.52,26.84,1305100.0,1.74,1.79,1.7013333333,1.7893333333,19576500,0.0,1.0
27.27,27.55,26.74,26.9,1209500.0,1.818,1.8366666667,1.7826666667,1.7933333333,18142500,0.0,1.0
28.27,28.7,27.55,27.55,1528200.0,1.8846666667,1.9133333333,1.8366666667,1.8366666667,22923000,0.0,1.0
30.25,30.9,28.5,28.77,2387200.0,2.0166666667,2.06,1.9,1.918,35808000,0.0,1.0
29.09,30.0,28.59,29.9,1308900.0,1.9393333333,2.0,1.906,1.9933333333,19633500,0.0,1.0
29.41,30.0,29.1301,29.52,672600.0,1.9606666667,2.0,1.9420066667,1.968,10089000,0.0,1.0
29.94,29.94,29.31,29.31,707400.0,1.996,1.996,1.954,1.954,10611000,0.0,1.0
31.17,31.3,29.101,29.69,870100.0,2.078,2.0866666667,1.9400666667,1.9793333333,13051500,0.0,1.0
29.42,31.17,29.26,30.75,793400.0,1.9613333333,2.078,1.9506666667,2.05,11901000,0.0,1.0
29.4,29.7,28.81,29.39,525400.0,1.96,1.98,1.9206666667,1.9593333333,7881000,0.0,1.0
30.3,30.39,29.5,29.53,669000.0,2.02,2.026,1.9666666667,1.9686666667,10035000,0.0,1.0
30.01,30.71,29.98,30.29,508200.0,2.0006666667,2.0473333333,1.9986666667,2.0193333333,7623000,0.0,1.0
29.51,30.39,29.1,30.15,1179100.0,1.9673333333,2.026,1.94,2.01,17686500,0.0,1.0
29.11,30.0,29.0,29.58,761600.0,1.9406666667,2.0,1.9333333333,1.972,11424000,0.0,1.0
29.95,30.04,29.01,29.01,775500.0,1.9966666667,2.0026666667,1.934,1.934,11632500,0.0,1.0
30.73,30.85,29.65,30.0,1471000.0,2.0486666667,2.0566666667,1.9766666667,2.0,22065000,0.0,1.0
29.5,30.24,29.41,30.06,1429400.0,1.9666666667,2.016,1.9606666667,2.004,21441000,0.0,1.0
28.32,29.7,28.17,29.57,1350400.0,1.888,1.98,1.878,1.9713333333,20256000,0.0,1.0
28.69,29.375,28.0,28.4,1402700.0,1.9126666667,1.9583333333,1.8666666667,1.8933333333,21040500,0.0,1.0
28.41,28.64,28.02,28.49,838900.0,1.894,1.9093333333,1.868,1.8993333333,12583500,0.0,1.0
28.41,28.74,28.1,28.6,656400.0,1.894,1.916,1.8733333333,1.9066666667,9846000,0.0,1.0
28.52,28.84,28.2,28.61,539800.0,1.9013333333,1.9226666667,1.88,1.9073333333,8097000,0.0,1.0
28.14,28.99,27.9,28.52,752500.0,1.876,1.9326666667,1.86,1.9013333333,11287500,0.0,1.0
27.94,28.5,27.81,28.01,639300.0,1.8626666667,1.9,1.854,1.8673333333,9589500,0.0,1.0
28.55,28.9,27.9,28.0,841700.0,1.9033333333,1.9266666667,1.86,1.8666666667,12625500,0.0,1.0
29.35,29.57,28.5,28.55,953200.0,1.9566666667,1.9713333333,1.9,1.9033333333,14298000,0.0,1.0
27.37,29.35,27.295,29.2,1483300.0,1.8246666667,1.9566666667,1.8196666667,1.9466666667,22249500,0.0,1.0
27.8,28.16,27.4,27.76,1014900.0,1.8533333333,1.8773333333,1.8266666667,1.8506666667,15223500,0.0,1.0
28.28,28.58,27.8,27.9,1145200.0,1.8853333333,1.9053333333,1.8533333333,1.86,17178000,0.0,1.0
29.48,29.5,28.48,28.57,1484700.0,1.9653333333,1.9666666667,1.8986666667,1.9046666667,22270500,0.0,1.0
30.39,30.65,29.65,30.0,1536600.0,2.026,2.0433333333,1.9766666667,2.0,23049000,0.0,1.0
32.54,32.78,31.51,32.35,3212800.0,2.1693333333,2.1853333333,2.1006666667,2.1566666667,48192000,0.0,1.0
31.34,31.9,30.68,31.88,1788500.0,2.0893333333,2.1266666667,2.0453333333,2.1253333333,26827500,0.0,1.0
31.05,31.74,30.94,31.0,1048500.0,2.07,2.116,2.0626666667,2.0666666667,15727500,0.0,1.0
30.9,31.5,30.68,30.93,912400.0,2.06,2.1,2.0453333333,2.062,13686000,0.0,1.0
30.02,31.49,29.54,31.1,1870000.0,2.0013333333,2.0993333333,1.9693333333,2.0733333333,28050000,0.0,1.0
30.66,31.03,29.4,29.51,1301900.0,2.044,2.0686666667,1.96,1.9673333333,19528500,0.0,1.0
27.66,29.48,27.53,28.62,5680400.0,1.844,1.9653333333,1.8353333333,1.908,85206000,0.0,1.0
27.54,28.4,27.48,27.67,1527200.0,1.836,1.8933333333,1.832,1.8446666667,22908000,0.0,1.0
28.49,28.54,27.6,27.75,1758600.0,1.8993333333,1.9026666667,1.84,1.85,26379000,0.0,1.0
29.28,29.89,28.61,28.73,4343400.0,1.952,1.9926666667,1.9073333333,1.9153333333,65151000,0.0,1.0
29.16,29.89,29.0,29.5,884400.0,1.944,1.9926666667,1.9333333333,1.9666666667,13266000,0.0,1.0
29.8,29.89,29.0,29.28,729000.0,1.9866666667,1.9926666667,1.9333333333,1.952,10935000,0.0,1.0
29.3,29.95,29.2401,29.75,1052800.0,1.9533333333,1.9966666667,1.94934,1.9833333333,15792000,0.0,1.0
29.4,30.1,28.65,30.0,1541300.0,1.96,2.0066666667,1.91,2.0,23119500,0.0,1.0
28.89,29.81,28.68,29.7,938600.0,1.926,1.9873333333,1.912,1.98,14079000,0.0,1.0
29.25,29.4,28.611,28.86,889700.0,1.95,1.96,1.9074,1.924,13345500,0.0,1.0
28.37,29.12,28.25,29.12,1193000.0,1.8913333333,1.9413333333,1.8833333333,1.9413333333,17895000,0.0,1.0
28.4,28.72,28.01,28.39,503600.0,1.8933333333,1.9146666667,1.8673333333,1.8926666667,7554000,0.0,1.0
28.32,28.98,28.25,28.96,450600.0,1.888,1.932,1.8833333333,1.9306666667,6759000,0.0,1.0
27.64,28.73,27.5,28.32,987600.0,1.8426666667,1.9153333333,1.8333333333,1.888,14814000,0.0,1.0
27.33,28.05,26.86,28.0,1468700.0,1.822,1.87,1.7906666667,1.8666666667,22030500,0.0,1.0
28.06,28.09,27.34,27.67,479300.0,1.8706666667,1.8726666667,1.8226666667,1.8446666667,7189500,0.0,1.0
28.8191,28.84,27.8,28.25,668000.0,1.9212733333,1.9226666667,1.8533333333,1.8833333333,10020000,0.0,1.0
28.04,28.99,27.78,28.99,741000.0,1.8693333333,1.9326666667,1.852,1.9326666667,11115000,0.0,1.0
27.74,28.2,27.3,27.83,1027400.0,1.8493333333,1.88,1.82,1.8553333333,15411000,0.0,1.0
27.85,28.0,27.36,27.99,470200.0,1.8566666667,1.8666666667,1.824,1.866,7053000,0.0,1.0
28.39,28.56,27.3702,27.38,749000.0,1.8926666667,1.904,1.82468,1.8253333333,11235000,0.0,1.0
27.42,28.52,27.25,28.52,1016400.0,1.828,1.9013333333,1.8166666667,1.9013333333,15246000,0.0,1.0
27.52,27.8,27.45,27.8,577700.0,1.8346666667,1.8533333333,1.83,1.8533333333,8665500,0.0,1.0
27.38,27.8,27.02,27.53,477400.0,1.8253333333,1.8533333333,1.8013333333,1.8353333333,7161000,0.0,1.0
28.1314,28.35,27.37,27.7,775200.0,1.8754266667,1.89,1.8246666667,1.8466666667,11628000,0.0,1.0
29.2454,29.49,28.2,28.25,1024100.0,1.9496933333,1.966,1.88,1.8833333333,15361500,0.0,1.0
28.9182,29.55,28.55,29.27,1030300.0,1.92788,1.97,1.9033333333,1.9513333333,15454500,0.0,1.0
31.5,31.58,29.33,29.8,2048900.0,2.1,2.1053333333,1.9553333333,1.9866666667,30733500,0.0,1.0
31.15,31.2,29.95,30.61,2324000.0,2.0766666667,2.08,1.9966666667,2.0406666667,34860000,0.0,1.0
31.54,32.05,30.81,31.0,1714500.0,2.1026666667,2.1366666667,2.054,2.0666666667,25717500,0.0,1.0
31.31,31.88,30.94,31.01,1274000.0,2.0873333333,2.1253333333,2.0626666667,2.0673333333,19110000,0.0,1.0
30.32,30.93,29.85,30.6,863000.0,2.0213333333,2.062,1.99,2.04,12945000,0.0,1.0
31.07,31.42,30.16,30.29,555900.0,2.0713333333,2.0946666667,2.0106666667,2.0193333333,8338500,0.0,1.0
31.6143,32.0,30.72,31.29,998300.0,2.10762,2.1333333333,2.048,2.086,14974500,0.0,1.0
31.38,32.12,31.204,31.96,871300.0,2.092,2.1413333333,2.0802666667,2.1306666667,13069500,0.0,1.0
30.82,31.44,30.5,31.3,984000.0,2.0546666667,2.096,2.0333333333,2.0866666667,14760000,0.0,1.0
31.8399,32.0,30.5901,31.15,908700.0,2.12266,2.1333333333,2.03934,2.0766666667,13630500,0.0,1.0
32.92,33.25,31.84,32.07,1392400.0,2.1946666667,2.2166666667,2.1226666667,2.138,20886000,0.0,1.0
33.0,33.1,31.91,32.8,922500.0,2.2,2.2066666667,2.1273333333,2.1866666667,13837500,0.0,1.0
32.47,33.47,32.286,32.61,963200.0,2.1646666667,2.2313333333,2.1524,2.174,14448000,0.0,1.0
32.13,32.83,31.7,32.6,430300.0,2.142,2.1886666667,2.1133333333,2.1733333333,6454500,0.0,1.0
32.27,32.3,31.62,32.1,495800.0,2.1513333333,2.1533333333,2.108,2.14,7437000,0.0,1.0
32.15,32.66,31.52,32.13,910800.0,2.1433333333,2.1773333333,2.1013333333,2.142,13662000,0.0,1.0
33.23,34.29,31.91,32.0,1525200.0,2.2153333333,2.286,2.1273333333,2.1333333333,22878000,0.0,1.0
33.69,34.0,32.87,33.44,1103400.0,2.246,2.2666666667,2.1913333333,2.2293333333,16551000,0.0,1.0
33.82,34.28,33.01,33.63,1420300.0,2.2546666667,2.2853333333,2.2006666667,2.242,21304500,0.0,1.0
34.62,35.0,33.5,33.89,2085700.0,2.308,2.3333333333,2.2333333333,2.2593333333,31285500,0.0,1.0
33.9,34.8,33.55,34.08,1263300.0,2.26,2.32,2.2366666667,2.272,18949500,0.0,1.0
33.71,34.19,33.58,33.82,661500.0,2.2473333333,2.2793333333,2.2386666667,2.2546666667,9922500,0.0,1.0
33.9,34.8,33.5,33.82,660400.0,2.26,2.32,2.2333333333,2.2546666667,9906000,0.0,1.0
34.17,34.49,33.85,34.3,664400.0,2.278,2.2993333333,2.2566666667,2.2866666667,9966000,0.0,1.0
34.57,34.7999,34.18,34.43,929800.0,2.3046666667,2.3199933333,2.2786666667,2.2953333333,13947000,0.0,1.0
35.28,35.5,34.46,34.6,1572600.0,2.352,2.3666666667,2.2973333333,2.3066666667,23589000,0.0,1.0
35.26,35.8,34.95,35.21,2063800.0,2.3506666667,2.3866666667,2.33,2.3473333333,30957000,0.0,1.0
33.61,35.3,32.75,35.26,2151300.0,2.2406666667,2.3533333333,2.1833333333,2.3506666667,32269500,0.0,1.0
33.81,34.4,33.59,33.6,1023000.0,2.254,2.2933333333,2.2393333333,2.24,15345000,0.0,1.0
34.4,34.5,33.75,33.77,824900.0,2.2933333333,2.3,2.25,2.2513333333,12373500,0.0,1.0
34.59,35.07,34.26,34.26,1553900.0,2.306,2.338,2.284,2.284,23308500,0.0,1.0
34.61,35.26,34.52,34.75,1298800.0,2.3073333333,2.3506666667,2.3013333333,2.3166666667,19482000,0.0,1.0
34.43,34.7881,34.05,34.51,921200.0,2.2953333333,2.3192066667,2.27,2.3006666667,13818000,0.0,1.0
34.0,34.17,33.58,33.94,1492400.0,2.2666666667,2.278,2.2386666667,2.2626666667,22386000,0.0,1.0
34.28,34.35,33.55,33.64,375800.0,2.2853333333,2.29,2.2366666667,2.2426666667,5637000,0.0,1.0
33.59,34.5,33.5,33.96,601400.0,2.2393333333,2.3,2.2333333333,2.264,9021000,0.0,1.0
33.69,33.91,33.0,33.5,561100.0,2.246,2.2606666667,2.2,2.2333333333,8416500,0.0,1.0
33.22,33.65,33.02,33.38,414100.0,2.2146666667,2.2433333333,2.2013333333,2.2253333333,6211500,0.0,1.0
33.87,33.97,33.0,33.0,594900.0,2.258,2.2646666667,2.2,2.2,8923500,0.0,1.0
35.36,35.4499,34.705,35.0,1194800.0,2.3573333333,2.3633266667,2.3136666667,2.3333333333,17922000,0.0,1.0
34.77,35.45,34.75,35.18,742000.0,2.318,2.3633333333,2.3166666667,2.3453333333,11130000,0.0,1.0
34.4,34.8,33.92,34.8,674000.0,2.2933333333,2.32,2.2613333333,2.32,10110000,0.0,1.0
34.34,34.8,33.9,34.8,442000.0,2.2893333333,2.32,2.26,2.32,6630000,0.0,1.0
33.68,34.5,33.11,34.5,1284000.0,2.2453333333,2.3,2.2073333333,2.3,19260000,0.0,1.0
33.64,34.19,33.4,34.01,698000.0,2.2426666667,2.2793333333,2.2266666667,2.2673333333,10470000,0.0,1.0
33.53,33.99,33.38,33.87,922500.0,2.2353333333,2.266,2.2253333333,2.258,13837500,0.0,1.0
32.91,34.04,32.11,34.04,1563200.0,2.194,2.2693333333,2.1406666667,2.2693333333,23448000,0.0,1.0
33.26,33.38,32.85,33.08,925100.0,2.2173333333,2.2253333333,2.19,2.2053333333,13876500,0.0,1.0
33.9,34.25,33.08,33.11,1624200.0,2.26,2.2833333333,2.2053333333,2.2073333333,24363000,0.0,1.0
34.1,34.23,33.73,33.85,1378200.0,2.2733333333,2.282,2.2486666667,2.2566666667,20673000,0.0,1.0
34.38,34.85,33.92,34.16,1436700.0,2.292,2.3233333333,2.2613333333,2.2773333333,21550500,0.0,1.0
34.52,34.78,33.82,34.74,3555100.0,2.3013333333,2.3186666667,2.2546666667,2.316,53326500,0.0,1.0
35.19,35.55,34.26,34.56,1920200.0,2.346,2.37,2.284,2.304,28803000,0.0,1.0
36.0,36.24,34.96,35.02,1564300.0,2.4,2.416,2.3306666667,2.3346666667,23464500,0.0,1.0
36.99,37.72,35.84,36.0,1970400.0,2.466,2.5146666667,2.3893333333,2.4,29556000,0.0,1.0
36.98,37.54,36.8,37.0,1287800.0,2.4653333333,2.5026666667,2.4533333333,2.4666666667,19317000,0.0,1.0
38.03,38.71,36.86,36.86,1986000.0,2.5353333333,2.5806666667,2.4573333333,2.4573333333,29790000,0.0,1.0
37.95,38.44,37.13,38.1,1426600.0,2.53,2.5626666667,2.4753333333,2.54,21399000,0.0,1.0
37.52,38.0,37.43,37.85,968100.0,2.5013333333,2.5333333333,2.4953333333,2.5233333333,14521500,0.0,1.0
37.51,37.87,36.93,37.87,901400.0,2.5006666667,2.5246666667,2.462,2.5246666667,13521000,0.0,1.0
38.3,38.5,37.62,38.17,1100600.0,2.5533333333,2.5666666667,2.508,2.5446666667,16509000,0.0,1.0
37.74,38.42,37.59,38.4,1128000.0,2.516,2.5613333333,2.506,2.56,16920000,0.0,1.0
38.13,38.65,37.68,38.0,1310200.0,2.542,2.5766666667,2.512,2.5333333333,19653000,0.0,1.0
39.17,39.39,37.9045,38.18,1893200.0,2.6113333333,2.626,2.5269666667,2.5453333333,28398000,0.0,1.0
39.48,39.68,38.95,39.19,1196600.0,2.632,2.6453333333,2.5966666667,2.6126666667,17949000,0.0,1.0
39.24,40.0,39.14,39.45,1139800.0,2.616,2.6666666667,2.6093333333,2.63,17097000,0.0,1.0
38.42,39.15,37.5,37.98,3266300.0,2.5613333333,2.61,2.5,2.532,48994500,0.0,1.0
37.89,38.87,37.29,38.45,2261300.0,2.526,2.5913333333,2.486,2.5633333333,33919500,0.0,1.0
38.45,39.0,38.05,38.3,966800.0,2.5633333333,2.6,2.5366666667,2.5533333333,14502000,0.0,1.0
38.3,38.75,38.21,38.64,990700.0,2.5533333333,2.5833333333,2.5473333333,2.576,14860500,0.0,1.0
37.04,38.51,36.95,38.5,2017600.0,2.4693333333,2.5673333333,2.4633333333,2.5666666667,30264000,0.0,1.0
39.28,39.29,37.31,37.36,2701400.0,2.6186666667,2.6193333333,2.4873333333,2.4906666667,40521000,0.0,1.0
38.54,39.65,38.46,39.3,3122000.0,2.5693333333,2.6433333333,2.564,2.62,46830000,0.0,1.0
35.16,37.39,34.54,36.49,9037800.0,2.344,2.4926666667,2.3026666667,2.4326666667,135567000,0.0,1.0
36.11,36.39,35.6,35.72,2547300.0,2.4073333333,2.426,2.3733333333,2.3813333333,38209500,0.0,1.0
34.38,36.75,34.34,36.15,2889400.0,2.292,2.45,2.2893333333,2.41,43341000,0.0,1.0
34.43,34.96,33.8,34.46,2762900.0,2.2953333333,2.3306666667,2.2533333333,2.2973333333,41443500,0.0,1.0
35.1,35.41,34.4,34.41,1959200.0,2.34,2.3606666667,2.2933333333,2.294,29388000,0.0,1.0
34.83,36.1,34.37,35.89,1964900.0,2.322,2.4066666667,2.2913333333,2.3926666667,29473500,0.0,1.0
34.65,35.08,34.25,35.0,1546600.0,2.31,2.3386666667,2.2833333333,2.3333333333,23199000,0.0,1.0
35.58,35.83,34.7,34.77,1757700.0,2.372,2.3886666667,2.3133333333,2.318,26365500,0.0,1.0
36.65,36.92,35.79,36.0,2087000.0,2.4433333333,2.4613333333,2.386,2.4,31305000,0.0,1.0
37.69,37.88,36.97,37.01,1150000.0,2.5126666667,2.5253333333,2.4646666667,2.4673333333,17250000,0.0,1.0
38.23,38.65,36.88,37.73,1158300.0,2.5486666667,2.5766666667,2.4586666667,2.5153333333,17374500,0.0,1.0
38.47,39.44,37.36,38.06,912100.0,2.5646666667,2.6293333333,2.4906666667,2.5373333333,13681500,0.0,1.0
39.1,39.44,38.65,38.87,1579500.0,2.6066666667,2.6293333333,2.5766666667,2.5913333333,23692500,0.0,1.0
39.12,39.38,38.85,38.9,1275100.0,2.608,2.6253333333,2.59,2.5933333333,19126500,0.0,1.0
38.98,39.49,38.81,39.0,822000.0,2.5986666667,2.6326666667,2.5873333333,2.6,12330000,0.0,1.0
36.85,38.91,36.77,38.9,2021000.0,2.4566666667,2.594,2.4513333333,2.5933333333,30315000,0.0,1.0
35.29,36.65,35.21,36.64,3279600.0,2.3526666667,2.4433333333,2.3473333333,2.4426666667,49194000,0.0,1.0
35.15,36.06,34.92,35.3,1316100.0,2.3433333333,2.404,2.328,2.3533333333,19741500,0.0,1.0
35.08,35.6,34.94,35.25,1098500.0,2.3386666667,2.3733333333,2.3293333333,2.35,16477500,0.0,1.0
35.95,36.07,35.16,35.26,1423000.0,2.3966666667,2.4046666667,2.344,2.3506666667,21345000,0.0,1.0
36.01,37.06,35.74,35.95,1146300.0,2.4006666667,2.4706666667,2.3826666667,2.3966666667,17194500,0.0,1.0
36.62,36.8,36.2,36.2,440200.0,2.4413333333,2.4533333333,2.4133333333,2.4133333333,6603000,0.0,1.0
37.53,38.52,36.77,37.1,2378800.0,2.502,2.568,2.4513333333,2.4733333333,35682000,0.0,1.0
37.86,38.22,37.66,37.98,1808200.0,2.524,2.548,2.5106666667,2.532,27123000,0.0,1.0
38.16,38.38,37.31,37.94,1296300.0,2.544,2.5586666667,2.4873333333,2.5293333333,19444500,0.0,1.0
37.89,38.24,37.75,38.23,1158700.0,2.526,2.5493333333,2.5166666667,2.5486666667,17380500,0.0,1.0
43.93,46.68,41.7,42.36,14098500.0,2.9286666667,3.112,2.78,2.824,211477500,0.0,1.0
44.34,45.5,43.5101,43.6,6652400.0,2.956,3.0333333333,2.9006733333,2.9066666667,99786000,0.0,1.0
41.1,43.47,40.2105,43.1,5643600.0,2.74,2.898,2.6807,2.8733333333,84654000,0.0,1.0
42.01,42.25,40.811,41.11,2264800.0,2.8006666667,2.8166666667,2.7207333333,2.7406666667,33972000,0.0,1.0
41.37,42.0,40.5,42.0,1552400.0,2.758,2.8,2.7,2.8,23286000,0.0,1.0
41.83,42.5499,41.51,41.97,1679000.0,2.7886666667,2.83666,2.7673333333,2.798,25185000,0.0,1.0
40.5,41.8299,40.33,41.8,1696100.0,2.7,2.78866,2.6886666667,2.7866666667,25441500,0.0,1.0
41.86,42.01,40.61,40.7,2121100.0,2.7906666667,2.8006666667,2.7073333333,2.7133333333,31816500,0.0,1.0
43.59,44.55,41.75,42.06,3447400.0,2.906,2.97,2.7833333333,2.804,51711000,0.0,1.0
43.75,45.139,43.05,43.25,3149400.0,2.9166666667,3.0092666667,2.87,2.8833333333,47241000,0.0,1.0
43.3,43.8,42.51,43.5,1681400.0,2.8866666667,2.92,2.834,2.9,25221000,0.0,1.0
45.59,46.14,43.91,44.19,3180400.0,3.0393333333,3.076,2.9273333333,2.946,47706000,0.0,1.0
45.45,45.95,44.54,45.5,2118500.0,3.03,3.0633333333,2.9693333333,3.0333333333,31777500,0.0,1.0
46.97,47.599,45.3901,45.98,3367900.0,3.1313333333,3.1732666667,3.0260066667,3.0653333333,50518500,0.0,1.0
47.83,49.88,47.07,47.46,3011700.0,3.1886666667,3.3253333333,3.138,3.164,45175500,0.0,1.0
50.19,50.2,47.75,48.6,3939400.0,3.346,3.3466666667,3.1833333333,3.24,59091000,0.0,1.0
51.01,52.92,50.66,51.0,3733800.0,3.4006666667,3.528,3.3773333333,3.4,56007000,0.0,1.0
50.43,51.05,48.98,50.9,2630000.0,3.362,3.4033333333,3.2653333333,3.3933333333,39450000,0.0,1.0
52.0,52.4,50.5,50.5,2795900.0,3.4666666667,3.4933333333,3.3666666667,3.3666666667,41938500,0.0,1.0
51.2,53.74,50.62,53.13,3622100.0,3.4133333333,3.5826666667,3.3746666667,3.542,54331500,0.0,1.0
54.94,54.99,51.2,51.76,3639700.0,3.6626666667,3.666,3.4133333333,3.4506666667,54595500,0.0,1.0
53.99,58.18,53.76,56.0,5522600.0,3.5993333333,3.8786666667,3.584,3.7333333333,82839000,0.0,1.0
53.28,55.99,53.0,55.99,2742800.0,3.552,3.7326666667,3.5333333333,3.7326666667,41142000,0.0,1.0
54.11,55.27,53.7,53.85,3050400.0,3.6073333333,3.6846666667,3.58,3.59,45756000,0.0,1.0
54.55,56.47,54.5,56.47,3378700.0,3.6366666667,3.7646666667,3.6333333333,3.7646666667,50680500,0.0,1.0
59.5,59.66,55.5,56.39,4366700.0,3.9666666667,3.9773333333,3.7,3.7593333333,65500500,0.0,1.0
55.51,62.37,55.12,62.0,9991000.0,3.7006666667,4.158,3.6746666667,4.1333333333,149865000,0.0,1.0
55.7865,58.2,55.71,57.5,6769900.0,3.7191,3.88,3.714,3.8333333333,101548500,0.0,1.0
69.4,75.77,63.69,70.12,28605000.0,4.6266666667,5.0513333333,4.246,4.6746666667,429075000,0.0,1.0
76.764,81.0,69.25,69.65,25082600.0,5.1176,5.4,4.6166666667,4.6433333333,376239000,0.0,1.0
87.8,88.0,79.151,80.99,22416900.0,5.8533333333,5.8666666667,5.2767333333,5.3993333333,336253500,0.0,1.0
83.24,97.12,81.15,94.22,37163900.0,5.5493333333,6.4746666667,5.41,6.2813333333,557458500,0.0,1.0
84.842,86.88,78.11,81.8,16878700.0,5.6561333333,5.792,5.2073333333,5.4533333333,253180500,0.0,1.0
92.248,95.0,88.66,94.7,21614000.0,6.1498666667,6.3333333333,5.9106666667,6.3133333333,324210000,0.0,1.0
91.5,94.4399,87.5,92.5,19002200.0,6.1,6.2959933333,5.8333333333,6.1666666667,285033000,0.0,1.0
89.94,92.5,88.63,91.12,8348400.0,5.996,6.1666666667,5.9086666667,6.0746666667,125226000,0.0,1.0
87.59,89.99,85.2801,88.5,8998200.0,5.8393333333,5.9993333333,5.68534,5.9,134973000,0.0,1.0
87.24,90.96,85.5,86.37,8568000.0,5.816,6.064,5.7,5.758,128520000,0.0,1.0
92.73,93.01,83.05,84.805,12022200.0,6.182,6.2006666667,5.5366666667,5.6536666667,180333000,0.0,1.0
97.08,97.95,92.0,92.6,16124200.0,6.472,6.53,6.1333333333,6.1733333333,241863000,0.0,1.0
110.334,110.75,100.3,101.55,19691900.0,7.3556,7.3833333333,6.6866666667,6.77,295378500,0.0,1.0
104.629,114.9,99.0,113.55,25099500.0,6.9752666667,7.66,6.6,7.57,376492500,0.0,1.0
104.95,109.54,101.2,102.46,16133700.0,6.9966666667,7.3026666667,6.7466666667,6.8306666667,242005500,0.0,1.0
97.76,106.44,97.73,106.26,15172000.0,6.5173333333,7.096,6.5153333333,7.084,227580000,0.0,1.0
92.59,97.62,88.25,97.62,19139600.0,6.1726666667,6.508,5.8833333333,6.508,287094000,0.0,1.0
94.84,96.42,92.4001,92.75,8856100.0,6.3226666667,6.428,6.1600066667,6.1833333333,132841500,0.0,1.0
95.37,97.9699,89.11,93.66,12224800.0,6.358,6.5313266667,5.9406666667,6.244,183372000,0.0,1.0
97.35,99.27,95.11,95.25,9510900.0,6.49,6.618,6.3406666667,6.35,142663500,0.0,1.0
102.04,102.9,96.7,98.0,10711600.0,6.8026666667,6.86,6.4466666667,6.5333333333,160674000,0.0,1.0
100.05,102.52,98.57,98.93,9228600.0,6.67,6.8346666667,6.5713333333,6.5953333333,138429000,0.0,1.0
94.47,98.68,94.05,98.18,7394000.0,6.298,6.5786666667,6.27,6.5453333333,110910000,0.0,1.0
97.73,100.48,95.75,96.8,9192700.0,6.5153333333,6.6986666667,6.3833333333,6.4533333333,137890500,0.0,1.0
98.18,99.28,95.1201,99.0,5961600.0,6.5453333333,6.6186666667,6.34134,6.6,89424000,0.0,1.0
100.3,102.52,99.33,100.0,6564700.0,6.6866666667,6.8346666667,6.622,6.6666666667,98470500,0.0,1.0
102.2,104.75,101.2,103.6,7066200.0,6.8133333333,6.9833333333,6.7466666667,6.9066666667,105993000,0.0,1.0
103.39,103.98,99.2,101.75,8795300.0,6.8926666667,6.932,6.6133333333,6.7833333333,131929500,0.0,1.0
104.68,106.67,102.01,102.06,8578900.0,6.9786666667,7.1113333333,6.8006666667,6.804,128683500,0.0,1.0
100.65,107.13,99.45,104.65,10106500.0,6.71,7.142,6.63,6.9766666667,151597500,0.0,1.0
99.55,103.7,97.5,103.7,11718600.0,6.6366666667,6.9133333333,6.5,6.9133333333,175779000,0.0,1.0
101.49,102.87,95.3,96.5,7119800.0,6.766,6.858,6.3533333333,6.4333333333,106797000,0.0,1.0
102.4,104.2,100.55,103.1,5848700.0,6.8266666667,6.9466666667,6.7033333333,6.8733333333,87730500,0.0,1.0
105.72,105.8699,102.66,103.8,6602600.0,7.048,7.0579933333,6.844,6.92,99039000,0.0,1.0
109.25,110.25,106.132,106.75,8744900.0,7.2833333333,7.35,7.0754666667,7.1166666667,131173500,0.0,1.0
107.36,109.44,106.71,108.57,5748600.0,7.1573333333,7.296,7.114,7.238,86229000,0.0,1.0
117.179,117.77,109.15,109.36,10903600.0,7.8119333333,7.8513333333,7.2766666667,7.2906666667,163554000,0.0,1.0
117.82,121.89,115.5,118.255,12064100.0,7.8546666667,8.126,7.7,7.8836666667,180961500,0.0,1.0
115.24,119.25,114.27,118.0,4806700.0,7.6826666667,7.95,7.618,7.8666666667,72100500,0.0,1.0
120.09,120.28,115.7,118.32,6818700.0,8.006,8.0186666667,7.7133333333,7.888,102280500,0.0,1.0
121.61,122.1799,118.82,121.37,7814200.0,8.1073333333,8.1453266667,7.9213333333,8.0913333333,117213000,0.0,1.0
123.45,125.32,121.91,124.64,8603300.0,8.23,8.3546666667,8.1273333333,8.3093333333,129049500,0.0,1.0
122.27,123.25,120.79,123.19,5600100.0,8.1513333333,8.2166666667,8.0526666667,8.2126666667,84001500,0.0,1.0
125.61,126.09,122.35,124.88,7483600.0,8.374,8.406,8.1566666667,8.3253333333,112254000,0.0,1.0
129.9,129.94,124.51,125.5,11344000.0,8.66,8.6626666667,8.3006666667,8.3666666667,170160000,0.0,1.0
127.26,133.259,126.82,133.03,9922400.0,8.484,8.8839333333,8.4546666667,8.8686666667,148836000,0.0,1.0
109.05,126.32,107.3,126.28,32371900.0,7.27,8.4213333333,7.1533333333,8.4186666667,485578500,0.0,1.0
120.25,121.62,104.5,106.52,26029000.0,8.0166666667,8.108,6.9666666667,7.1013333333,390435000,0.0,1.0
119.03,122.73,116.18,120.97,11398100.0,7.9353333333,8.182,7.7453333333,8.0646666667,170971500,0.0,1.0
119.68,120.55,116.51,118.5,5890300.0,7.9786666667,8.0366666667,7.7673333333,7.9,88354500,0.0,1.0
122.43,126.68,119.88,119.89,9797800.0,8.162,8.4453333333,7.992,7.9926666667,146967000,0.0,1.0
122.74,125.56,121.82,124.0,7736400.0,8.1826666667,8.3706666667,8.1213333333,8.2666666667,116046000,0.0,1.0
121.7,124.5,119.56,124.47,6869000.0,8.1133333333,8.3,7.9706666667,8.298,103035000,0.0,1.0
124.07,124.75,120.19,120.4,5284300.0,8.2713333333,8.3166666667,8.0126666667,8.0266666667,79264500,0.0,1.0
129.39,130.68,126.61,128.14,9633100.0,8.626,8.712,8.4406666667,8.5426666667,144496500,0.0,1.0
134.62,135.37,128.25,129.32,9678900.0,8.9746666667,9.0246666667,8.55,8.6213333333,145183500,0.0,1.0
131.74,137.49,128.18,134.8,13127000.0,8.7826666667,9.166,8.5453333333,8.9866666667,196905000,0.0,1.0
134.28,134.975,131.45,132.57,6351700.0,8.952,8.9983333333,8.7633333333,8.838,95275500,0.0,1.0
135.55,136.52,132.631,135.0,5323600.0,9.0366666667,9.1013333333,8.8420666667,9.0,79854000,0.0,1.0
138.0,138.25,133.61,134.59,6269900.0,9.2,9.2166666667,8.9073333333,8.9726666667,94048500,0.0,1.0
144.68,144.89,139.65,140.01,10200700.0,9.6453333333,9.6593333333,9.31,9.334,153010500,0.0,1.0
142.15,145.73,141.1,144.75,9254500.0,9.4766666667,9.7153333333,9.4066666667,9.65,138817500,0.0,1.0
134.23,141.95,132.36,141.89,18212200.0,8.9486666667,9.4633333333,8.824,9.4593333333,273183000,0.0,1.0
153.48,158.88,150.46,154.355,27246800.0,10.232,10.592,10.0306666667,10.2903333333,408702000,0.0,1.0
153.0,155.95,151.25,152.4,8927700.0,10.2,10.3966666667,10.0833333333,10.16,133915500,0.0,1.0
147.38,150.5,142.05,149.43,14912200.0,9.8253333333,10.0333333333,9.47,9.962,223683000,0.0,1.0
145.43,149.84,144.45,149.5,8748900.0,9.6953333333,9.9893333333,9.63,9.9666666667,131233500,0.0,1.0
139.36,144.8399,138.05,142.72,11693800.0,9.2906666667,9.6559933333,9.2033333333,9.5146666667,175407000,0.0,1.0
139.67,143.5999,135.0,136.4301,10179200.0,9.3113333333,9.5733266667,9.0,9.09534,152688000,0.0,1.0
142.0,143.907,140.97,141.63,7108100.0,9.4666666667,9.5938,9.398,9.442,106621500,0.0,1.0
144.9,147.38,142.83,143.4269,8037700.0,9.66,9.8253333333,9.522,9.5617933333,120565500,0.0,1.0
149.58,149.78,147.0,148.65,6418200.0,9.972,9.9853333333,9.8,9.91,96273000,0.0,1.0
147.86,150.3091,146.25,150.0,6266300.0,9.8573333333,10.0206066667,9.75,10.0,93994500,0.0,1.0
157.1,157.48,148.14,149.22,10592400.0,10.4733333333,10.4986666667,9.876,9.948,158886000,0.0,1.0
161.839,162.3,155.0,157.0,12931900.0,10.7892666667,10.82,10.3333333333,10.4666666667,193978500,0.0,1.0
164.22,173.0,160.25,165.15,24171100.0,10.948,11.5333333333,10.6833333333,11.01,362566500,0.0,1.0
167.01,168.8,160.9501,162.3,17566900.0,11.134,11.2533333333,10.7300066667,10.82,263503500,0.0,1.0
166.45,171.5,163.25,169.06,14740100.0,11.0966666667,11.4333333333,10.8833333333,11.2706666667,221101500,0.0,1.0
166.06,167.75,162.51,164.215,9436000.0,11.0706666667,11.1833333333,10.834,10.9476666667,141540000,0.0,1.0
169.0,169.21,163.96,166.37,11028400.0,11.2666666667,11.2806666667,10.9306666667,11.0913333333,165426000,0.0,1.0
168.94,173.7,166.4,173.4,12061100.0,11.2626666667,11.58,11.0933333333,11.56,180916500,0.0,1.0
170.622,171.62,165.56,169.77,11475700.0,11.3748,11.4413333333,11.0373333333,11.318,172135500,0.0,1.0
169.93,171.5,168.25,170.1,6685300.0,11.3286666667,11.4333333333,11.2166666667,11.34,100279500,0.0,1.0
166.97,169.7,165.15,168.57,8619700.0,11.1313333333,11.3133333333,11.01,11.238,129295500,0.0,1.0
160.7,164.5,158.51,163.12,14344500.0,10.7133333333,10.9666666667,10.5673333333,10.8746666667,215167500,0.0,1.0
166.37,167.5,160.63,161.45,8967800.0,11.0913333333,11.1666666667,10.7086666667,10.7633333333,134517000,0.0,1.0
163.52,167.895,162.13,166.41,5832500.0,10.9013333333,11.193,10.8086666667,11.094,87487500,0.0,1.0
164.93,166.76,160.51,164.0,6160000.0,10.9953333333,11.1173333333,10.7006666667,10.9333333333,92400000,0.0,1.0
165.54,166.37,162.16,162.77,5401200.0,11.036,11.0913333333,10.8106666667,10.8513333333,81018000,0.0,1.0
166.58,170.85,165.85,168.0,7574900.0,11.1053333333,11.39,11.0566666667,11.2,113623500,0.0,1.0
166.23,168.42,163.361,165.08,5496900.0,11.082,11.228,10.8907333333,11.0053333333,82453500,0.0,1.0
166.218,167.45,164.2,167.07,5439700.0,11.0812,11.1633333333,10.9466666667,11.138,81595500,0.0,1.0
177.92,180.47,169.08,170.8,15594600.0,11.8613333333,12.0313333333,11.272,11.3866666667,233919000,0.0,1.0
183.39,185.83,178.56,178.9,13401700.0,12.226,12.3886666667,11.904,11.9266666667,201025500,0.0,1.0
181.11,185.48,177.11,184.48,8173400.0,12.074,12.3653333333,11.8073333333,12.2986666667,122601000,0.0,1.0
182.33,184.96,177.65,179.1401,6273400.0,12.1553333333,12.3306666667,11.8433333333,11.9426733333,94101000,0.0,1.0
185.238,186.3,180.5,183.56,8252700.0,12.3492,12.42,12.0333333333,12.2373333333,123790500,0.0,1.0
188.64,189.68,185.611,186.7,6614400.0,12.576,12.6453333333,12.3740666667,12.4466666667,99216000,0.0,1.0
190.9,191.28,186.43,187.52,5916400.0,12.7266666667,12.752,12.4286666667,12.5013333333,88746000,0.0,1.0
193.37,194.5,188.0,189.0,8924700.0,12.8913333333,12.9666666667,12.5333333333,12.6,133870500,0.0,1.0
193.0,194.23,188.37,193.96,7755900.0,12.8666666667,12.9486666667,12.558,12.9306666667,116338500,0.0,1.0
180.95,191.83,175.4,188.59,20775400.0,12.0633333333,12.7886666667,11.6933333333,12.5726666667,311631000,0.0,1.0
173.31,179.69,168.0,175.045,23816500.0,11.554,11.9793333333,11.2,11.6696666667,357247500,0.0,1.0
180.98,181.18,172.65,176.4,14414000.0,12.0653333333,12.0786666667,11.51,11.76,216210000,0.0,1.0
183.07,186.73,180.26,182.46,11485600.0,12.2046666667,12.4486666667,12.0173333333,12.164,172284000,0.0,1.0
174.73,185.93,173.21,184.4,13757200.0,11.6486666667,12.3953333333,11.5473333333,12.2933333333,206358000,0.0,1.0
168.78,174.99,161.5,174.73,15316500.0,11.252,11.666,10.7666666667,11.6486666667,229747500,0.0,1.0
172.93,175.75,169.69,173.09,8883900.0,11.5286666667,11.7166666667,11.3126666667,11.5393333333,133258500,0.0,1.0
178.7,179.288,171.2,172.75,8311100.0,11.9133333333,11.9525333333,11.4133333333,11.5166666667,124666500,0.0,1.0
179.72,182.5,174.15,175.0,7769600.0,11.9813333333,12.1666666667,11.61,11.6666666667,116544000,0.0,1.0
183.94,188.789,183.18,185.28,10978500.0,12.2626666667,12.5859333333,12.212,12.352,164677500,0.0,1.0
183.56,187.3,182.09,184.9,8205400.0,12.2373333333,12.4866666667,12.1393333333,12.3266666667,123081000,0.0,1.0
182.802,184.8,180.99,183.54,6705000.0,12.1868,12.32,12.066,12.236,100575000,0.0,1.0
183.4,185.96,182.52,184.15,5930800.0,12.2266666667,12.3973333333,12.168,12.2766666667,88962000,0.0,1.0
172.6,183.39,171.0,183.28,11532100.0,11.5066666667,12.226,11.4,12.2186666667,172981500,0.0,1.0
171.54,177.78,166.11,170.5,11386700.0,11.436,11.852,11.074,11.3666666667,170800500,0.0,1.0
164.5,171.81,160.15,168.91,13320400.0,10.9666666667,11.454,10.6766666667,11.2606666667,199806000,0.0,1.0
173.15,174.5,162.8255,165.0,10825700.0,11.5433333333,11.6333333333,10.8550333333,11.0,162385500,0.0,1.0
169.66,174.5,166.8,174.21,7595500.0,11.3106666667,11.6333333333,11.12,11.614,113932500,0.0,1.0
162.86,170.5,162.2,170.18,7841700.0,10.8573333333,11.3666666667,10.8133333333,11.3453333333,117625500,0.0,1.0
164.47,165.4458,153.0,162.76,14111700.0,10.9646666667,11.02972,10.2,10.8506666667,211675500,0.0,1.0
159.22,167.6799,158.17,164.63,8401800.0,10.6146666667,11.17866,10.5446666667,10.9753333333,126027000,0.0,1.0
159.94,162.44,153.3,155.67,9333800.0,10.6626666667,10.8293333333,10.22,10.378,140007000,0.0,1.0
162.17,165.9,160.41,163.0,7180600.0,10.8113333333,11.06,10.694,10.8666666667,107709000,0.0,1.0
175.2,175.3899,164.22,165.0,13120400.0,11.68,11.69266,10.948,11.0,196806000,0.0,1.0
176.81,181.43,171.3601,180.0,22467100.0,11.7873333333,12.0953333333,11.4240066667,12.0,337006500,0.0,1.0
151.16,160.73,146.355,154.81,31071700.0,10.0773333333,10.7153333333,9.757,10.3206666667,466075500,0.0,1.0
139.772,145.65,137.62,144.19,22284700.0,9.3181333333,9.71,9.1746666667,9.6126666667,334270500,0.0,1.0
137.95,140.6,132.32,136.48,22477900.0,9.1966666667,9.3733333333,8.8213333333,9.0986666667,337168500,0.0,1.0
144.698,145.42,137.1,141.0,13997600.0,9.6465333333,9.6946666667,9.14,9.4,209964000,0.0,1.0
137.8,144.7,136.18,144.69,14985200.0,9.1866666667,9.6466666667,9.0786666667,9.646,224778000,0.0,1.0
138.7,142.37,136.3425,140.84,12658300.0,9.2466666667,9.4913333333,9.0895,9.3893333333,189874500,0.0,1.0
137.6,140.4,134.111,138.92,12203700.0,9.1733333333,9.36,8.9407333333,9.2613333333,183055500,0.0,1.0
135.45,137.95,134.35,136.85,9900200.0,9.03,9.1966666667,8.9566666667,9.1233333333,148503000,0.0,1.0
121.58,135.45,119.61,135.27,23138200.0,8.1053333333,9.03,7.974,9.018,347073000,0.0,1.0
126.09,129.0,119.22,119.43,19816200.0,8.406,8.6,7.948,7.962,297243000,0.0,1.0
121.11,127.45,119.06,126.08,13849600.0,8.074,8.4966666667,7.9373333333,8.4053333333,207744000,0.0,1.0
122.1,124.789,120.25,122.89,11903800.0,8.14,8.3192666667,8.0166666667,8.1926666667,178557000,0.0,1.0
121.38,122.75,117.93,121.58,11096700.0,8.092,8.1833333333,7.862,8.1053333333,166450500,0.0,1.0
120.84,125.84,120.3,124.5,10267300.0,8.056,8.3893333333,8.02,8.3,154009500,0.0,1.0
120.5,122.72,116.1,119.38,13885500.0,8.0333333333,8.1813333333,7.74,7.9586666667,208282500,0.0,1.0
126.94,126.95,119.52,121.6,12367600.0,8.4626666667,8.4633333333,7.968,8.1066666667,185514000,0.0,1.0
127.28,130.59,126.98,129.77,9716200.0,8.4853333333,8.706,8.4653333333,8.6513333333,145743000,0.0,1.0
124.17,128.55,123.931,126.35,7751200.0,8.278,8.57,8.2620666667,8.4233333333,116268000,0.0,1.0
144.7,144.94,131.59,132.68,25682400.0,9.6466666667,9.6626666667,8.7726666667,8.8453333333,385236000,0.0,1.0
138.95,144.43,137.13,144.32,13147700.0,9.2633333333,9.6286666667,9.142,9.6213333333,197215500,0.0,1.0
140.48,143.35,139.5,140.15,9288400.0,9.3653333333,9.5566666667,9.3,9.3433333333,139326000,0.0,1.0
137.36,142.49,136.3,141.51,7909600.0,9.1573333333,9.4993333333,9.0866666667,9.434,118644000,0.0,1.0
141.6,141.7,134.21,137.0,9061500.0,9.44,9.4466666667,8.9473333333,9.1333333333,135922500,0.0,1.0
142.19,145.87,139.86,140.05,10748200.0,9.4793333333,9.7246666667,9.324,9.3366666667,161223000,0.0,1.0
139.65,143.05,139.49,141.88,7137800.0,9.31,9.5366666667,9.2993333333,9.4586666667,107067000,0.0,1.0
147.47,148.24,138.53,139.7,10767800.0,9.8313333333,9.8826666667,9.2353333333,9.3133333333,161517000,0.0,1.0
147.654,151.8,147.32,148.05,10591900.0,9.8436,10.12,9.8213333333,9.87,158878500,0.0,1.0
147.94,150.43,146.1,148.48,6675300.0,9.8626666667,10.0286666667,9.74,9.8986666667,100129500,0.0,1.0
152.46,154.63,146.3235,147.58,10495000.0,10.164,10.3086666667,9.7549,9.8386666667,157425000,0.0,1.0
147.98,154.9,145.95,152.24,11581900.0,9.8653333333,10.3266666667,9.73,10.1493333333,173728500,0.0,1.0
140.72,147.0,139.1,146.9,12740000.0,9.3813333333,9.8,9.2733333333,9.7933333333,191100000,0.0,1.0
143.24,144.35,141.58,141.58,7412600.0,9.5493333333,9.6233333333,9.4386666667,9.4386666667,111189000,0.0,1.0
143.55,146.24,142.601,144.85,5385500.0,9.57,9.7493333333,9.5067333333,9.6566666667,80782500,0.0,1.0
151.41,154.97,149.82,150.0,9941500.0,10.094,10.3313333333,9.988,10.0,149122500,0.0,1.0
155.5,158.0,154.29,155.04,7129500.0,10.3666666667,10.5333333333,10.286,10.336,106942500,0.0,1.0
151.12,155.4999,150.8,155.3,5460200.0,10.0746666667,10.36666,10.0533333333,10.3533333333,81903000,0.0,1.0
152.44,154.81,150.75,151.12,4467500.0,10.1626666667,10.3206666667,10.05,10.0746666667,67012500,0.0,1.0
150.429,153.2,148.661,152.32,4262400.0,10.0286,10.2133333333,9.9107333333,10.1546666667,63936000,0.0,1.0
150.1,152.4769,146.55,149.8,6188400.0,10.0066666667,10.1651266667,9.77,9.9866666667,92826000,0.0,1.0
149.56,152.19,148.601,150.0,4695000.0,9.9706666667,10.146,9.9067333333,10.0,70425000,0.0,1.0
147.0,150.4,145.24,150.0,5361100.0,9.8,10.0266666667,9.6826666667,10.0,80416500,0.0,1.0
149.36,150.4,145.25,147.62,5034100.0,9.9573333333,10.0266666667,9.6833333333,9.8413333333,75511500,0.0,1.0
151.28,153.7,148.76,148.85,6163200.0,10.0853333333,10.2466666667,9.9173333333,9.9233333333,92448000,0.0,1.0
147.53,153.43,146.85,152.5,5382000.0,9.8353333333,10.2286666667,9.79,10.1666666667,80730000,0.0,1.0
145.7199,148.9,142.25,148.46,7446100.0,9.71466,9.9266666667,9.4833333333,9.8973333333,111691500,0.0,1.0
139.34,147.0,137.82,145.78,6316100.0,9.2893333333,9.8,9.188,9.7186666667,94741500,0.0,1.0
161.27,162.0,136.671,140.5,27607000.0,10.7513333333,10.8,9.1114,9.3666666667,414105000,0.0,1.0
164.13,172.23,162.1,168.45,20465600.0,10.942,11.482,10.8066666667,11.23,306984000,0.0,1.0
170.97,172.7,162.4,162.5,11959400.0,11.398,11.5133333333,10.8266666667,10.8333333333,179391000,0.0,1.0
170.01,173.2,167.95,170.19,9206200.0,11.334,11.5466666667,11.1966666667,11.346,138093000,0.0,1.0
176.68,177.29,170.81,171.24,9734700.0,11.7786666667,11.8193333333,11.3873333333,11.416,146020500,0.0,1.0
178.56,180.319,174.76,177.81,7022600.0,11.904,12.0212666667,11.6506666667,11.854,105339000,0.0,1.0
181.5,182.38,173.42,177.23,7867400.0,12.1,12.1586666667,11.5613333333,11.8153333333,118011000,0.0,1.0
174.6,180.48,173.531,177.85,7664300.0,11.64,12.032,11.5687333333,11.8566666667,114964500,0.0,1.0
169.62,177.92,164.71,175.16,8716400.0,11.308,11.8613333333,10.9806666667,11.6773333333,130746000,0.0,1.0
178.38,178.98,171.0,171.5,6093400.0,11.892,11.932,11.4,11.4333333333,91401000,0.0,1.0
175.23,179.09,173.131,175.3,5935500.0,11.682,11.9393333333,11.5420666667,11.6866666667,89032500,0.0,1.0
182.84,184.78,177.01,178.0,8565000.0,12.1893333333,12.3186666667,11.8006666667,11.8666666667,128475000,0.0,1.0
181.41,186.0,178.5146,178.85,6508800.0,12.094,12.4,11.9009733333,11.9233333333,97632000,0.0,1.0
177.11,184.8797,175.16,182.89,6764900.0,11.8073333333,12.3253133333,11.6773333333,12.1926666667,101473500,0.0,1.0
178.73,181.6,176.2,180.7,4686300.0,11.9153333333,12.1066666667,11.7466666667,12.0466666667,70294500,0.0,1.0
174.42,180.59,169.36,178.3,7268000.0,11.628,12.0393333333,11.2906666667,11.8866666667,109020000,0.0,1.0
178.38,180.11,176.0,176.3,5841600.0,11.892,12.0073333333,11.7333333333,11.7533333333,87624000,0.0,1.0
186.53,186.63,179.6,181.01,8928500.0,12.4353333333,12.442,11.9733333333,12.0673333333,133927500,0.0,1.0
196.56,199.3,189.32,189.34,12970700.0,13.104,13.2866666667,12.6213333333,12.6226666667,194560500,0.0,1.0
196.62,202.2,192.7,199.19,10709900.0,13.108,13.48,12.8466666667,13.2793333333,160648500,0.0,1.0
195.32,198.269,194.32,195.78,5173700.0,13.0213333333,13.2179333333,12.9546666667,13.052,77605500,0.0,1.0
199.63,202.72,193.25,193.34,8029300.0,13.3086666667,13.5146666667,12.8833333333,12.8893333333,120439500,0.0,1.0
198.23,201.88,197.0,198.1,6158000.0,13.2153333333,13.4586666667,13.1333333333,13.2066666667,92370000,0.0,1.0
203.7,206.0,201.3601,205.244,9332800.0,13.58,13.7333333333,13.4240066667,13.6829333333,139992000,0.0,1.0
193.64,203.7,193.41,203.7,16169000.0,12.9093333333,13.58,12.894,13.58,242535000,0.0,1.0
209.97,215.21,206.27,215.01,18002300.0,13.998,14.3473333333,13.7513333333,14.334,270034500,0.0,1.0
209.6,213.98,209.19,211.64,7818800.0,13.9733333333,14.2653333333,13.946,14.1093333333,117282000,0.0,1.0
217.65,218.36,208.32,208.7599,8278400.0,14.51,14.5573333333,13.888,13.9173266667,124176000,0.0,1.0
248.0,259.2,228.45,230.0,32681700.0,16.5333333333,17.28,15.23,15.3333333333,490225500,0.0,1.0
253.0,265.0,247.5,258.58,24604600.0,16.8666666667,17.6666666667,16.5,17.2386666667,369069000,0.0,1.0
252.54,261.9,248.33,261.25,17945800.0,16.836,17.46,16.5553333333,17.4166666667,269187000,0.0,1.0
244.81,252.68,242.55,249.65,14589800.0,16.3206666667,16.8453333333,16.17,16.6433333333,218847000,0.0,1.0
250.56,251.65,234.99,237.26,13089300.0,16.704,16.7766666667,15.666,15.8173333333,196339500,0.0,1.0
254.84,260.0,252.83,258.48,8745600.0,16.9893333333,17.3333333333,16.8553333333,17.232,131184000,0.0,1.0
252.66,256.99,251.8,256.72,5935700.0,16.844,17.1326666667,16.7866666667,17.1146666667,89035500,0.0,1.0
252.94,257.5,249.45,254.14,7361100.0,16.8626666667,17.1666666667,16.63,16.9426666667,110416500,0.0,1.0
246.21,254.85,244.41,252.94,7812300.0,16.414,16.99,16.294,16.8626666667,117184500,0.0,1.0
238.84,243.0,236.06,242.7,7728100.0,15.9226666667,16.2,15.7373333333,16.18,115921500,0.0,1.0
234.41,244.6,232.4262,236.5,8810100.0,15.6273333333,16.3066666667,15.49508,15.7666666667,132151500,0.0,1.0
241.49,247.5,231.11,231.5,9754400.0,16.0993333333,16.5,15.4073333333,15.4333333333,146316000,0.0,1.0
237.79,244.19,234.0,243.79,6236300.0,15.8526666667,16.2793333333,15.6,16.2526666667,93544500,0.0,1.0
230.97,236.9365,228.32,235.29,8289700.0,15.398,15.7957666667,15.2213333333,15.686,124345500,0.0,1.0
233.98,237.93,230.5,234.95,5912600.0,15.5986666667,15.862,15.3666666667,15.6633333333,88689000,0.0,1.0
240.04,241.5,235.02,236.95,6242300.0,16.0026666667,16.1,15.668,15.7966666667,93634500,0.0,1.0
235.84,241.55,233.51,241.39,5071300.0,15.7226666667,16.1033333333,15.5673333333,16.0926666667,76069500,0.0,1.0
234.91,239.25,233.36,236.16,3817900.0,15.6606666667,15.95,15.5573333333,15.744,57268500,0.0,1.0
228.89,236.2,227.5,236.02,8216900.0,15.2593333333,15.7466666667,15.1666666667,15.7346666667,123253500,0.0,1.0
220.17,229.9,210.27,229.75,11328800.0,14.678,15.3266666667,14.018,15.3166666667,169932000,0.0,1.0
220.44,227.05,217.9,224.14,7865400.0,14.696,15.1366666667,14.5266666667,14.9426666667,117981000,0.0,1.0
212.96,222.6,211.3501,221.95,6907300.0,14.1973333333,14.84,14.0900066667,14.7966666667,103609500,0.0,1.0
207.32,213.6,203.0,212.37,9495700.0,13.8213333333,14.24,13.5333333333,14.158,142435500,0.0,1.0
212.37,216.72,210.27,212.8,9684800.0,14.158,14.448,14.018,14.1866666667,145272000,0.0,1.0
208.45,216.75,206.39,216.5,8380000.0,13.8966666667,14.45,13.7593333333,14.4333333333,125700000,0.0,1.0
216.97,218.16,208.58,209.02,7371400.0,14.4646666667,14.544,13.9053333333,13.9346666667,110571000,0.0,1.0
230.29,230.89,218.05,220.0,10782300.0,15.3526666667,15.3926666667,14.5366666667,14.6666666667,161734500,0.0,1.0
225.4,235.73,222.0,230.3,10923700.0,15.0266666667,15.7153333333,14.8,15.3533333333,163855500,0.0,1.0
212.225,228.27,211.25,226.01,11345600.0,14.1483333333,15.218,14.0833333333,15.0673333333,170184000,0.0,1.0
207.52,216.2,203.51,205.81,9855500.0,13.8346666667,14.4133333333,13.5673333333,13.7206666667,147832500,0.0,1.0
215.46,216.4899,206.42,210.05,6889300.0,14.364,14.43266,13.7613333333,14.0033333333,103339500,0.0,1.0
216.93,218.45,210.89,216.76,5157900.0,14.462,14.5633333333,14.0593333333,14.4506666667,77368500,0.0,1.0
204.19,217.5,203.7901,216.82,7211500.0,13.6126666667,14.5,13.5860066667,14.4546666667,108172500,0.0,1.0
203.78,207.0,198.6,200.61,9067200.0,13.5853333333,13.8,13.24,13.374,136008000,0.0,1.0
198.09,208.44,194.41,207.6,7703000.0,13.206,13.896,12.9606666667,13.84,115545000,0.0,1.0
193.91,199.29,184.32,199.09,13659300.0,12.9273333333,13.286,12.288,13.2726666667,204889500,0.0,1.0
199.11,199.99,190.82,197.0,7202200.0,13.274,13.3326666667,12.7213333333,13.1333333333,108033000,0.0,1.0
198.12,202.29,194.08,199.61,5926800.0,13.208,13.486,12.9386666667,13.3073333333,88902000,0.0,1.0
204.38,206.2,194.0,197.08,5258200.0,13.6253333333,13.7466666667,12.9333333333,13.1386666667,78873000,0.0,1.0
218.64,219.33,205.01,206.36,9804700.0,14.576,14.622,13.6673333333,13.7573333333,147070500,0.0,1.0
207.99,216.74,207.0,216.33,7295600.0,13.866,14.4493333333,13.8,14.422,109434000,0.0,1.0
207.86,212.8,203.2,210.81,5495200.0,13.8573333333,14.1866666667,13.5466666667,14.054,82428000,0.0,1.0
199.85,206.7,197.65,202.0,6996700.0,13.3233333333,13.78,13.1766666667,13.4666666667,104950500,0.0,1.0
198.51,203.7899,190.5,200.0,7042000.0,13.234,13.5859933333,12.7,13.3333333333,105630000,0.0,1.0
206.92,207.149,195.5301,198.21,5779100.0,13.7946666667,13.8099333333,13.03534,13.214,86686500,0.0,1.0
207.89,208.16,201.28,203.6,4440600.0,13.8593333333,13.8773333333,13.4186666667,13.5733333333,66609000,0.0,1.0
207.73,214.02,205.69,207.08,5439900.0,13.8486666667,14.268,13.7126666667,13.8053333333,81598500,0.0,1.0
210.91,211.36,206.52,208.6,4086800.0,14.0606666667,14.0906666667,13.768,13.9066666667,61302000,0.0,1.0
216.61,217.69,208.52,209.48,5147000.0,14.4406666667,14.5126666667,13.9013333333,13.9653333333,77205000,0.0,1.0
207.28,218.6596,206.85,216.6,5636700.0,13.8186666667,14.5773066667,13.79,14.44,84550500,0.0,1.0
201.35,210.2,197.25,209.64,10179300.0,13.4233333333,14.0133333333,13.15,13.976,152689500,0.0,1.0
178.59,194.4,178.0,182.0,20056600.0,11.906,12.96,11.8666666667,12.1333333333,300849000,0.0,1.0
182.26,183.4,177.22,179.86,8495200.0,12.1506666667,12.2266666667,11.8146666667,11.9906666667,127428000,0.0,1.0
184.67,187.19,179.88,183.87,7002300.0,12.3113333333,12.4793333333,11.992,12.258,105034500,0.0,1.0
190.16,191.34,183.0,183.76,7097200.0,12.6773333333,12.756,12.2,12.2506666667,106458000,0.0,1.0
190.62,193.48,187.1,188.95,5406700.0,12.708,12.8986666667,12.4733333333,12.5966666667,81100500,0.0,1.0
188.59,192.6599,185.3,189.98,6040400.0,12.5726666667,12.8439933333,12.3533333333,12.6653333333,90606000,0.0,1.0
191.56,192.04,187.72,188.95,4487700.0,12.7706666667,12.8026666667,12.5146666667,12.5966666667,67315500,0.0,1.0
196.09,196.89,190.0,190.72,4571700.0,13.0726666667,13.126,12.6666666667,12.7146666667,68575500,0.0,1.0
195.3,199.33,193.0701,196.94,5546100.0,13.02,13.2886666667,12.87134,13.1293333333,83191500,0.0,1.0
199.45,199.87,194.79,196.18,5285400.0,13.2966666667,13.3246666667,12.986,13.0786666667,79281000,0.0,1.0
204.88,206.88,199.5604,200.35,6214500.0,13.6586666667,13.792,13.3040266667,13.3566666667,93217500,0.0,1.0
207.3,207.76,202.5,204.53,4006800.0,13.82,13.8506666667,13.5,13.6353333333,60102000,0.0,1.0
211.56,213.87,207.7,208.52,5341100.0,14.104,14.258,13.8466666667,13.9013333333,80116500,0.0,1.0
210.24,212.77,205.26,210.02,5495100.0,14.016,14.1846666667,13.684,14.0013333333,82426500,0.0,1.0
210.24,212.49,207.72,210.57,3692500.0,14.016,14.166,13.848,14.038,55387500,0.0,1.0
207.77,214.8,207.02,210.3,5581100.0,13.8513333333,14.32,13.8013333333,14.02,83716500,0.0,1.0
204.7,209.35,201.67,207.33,4655100.0,13.6466666667,13.9566666667,13.4446666667,13.822,69826500,0.0,1.0
204.94,208.0,202.59,203.49,3860800.0,13.6626666667,13.8666666667,13.506,13.566,57912000,0.0,1.0
203.99,206.26,200.396,204.35,3427400.0,13.5993333333,13.7506666667,13.3597333333,13.6233333333,51411000,0.0,1.0
206.9,209.2,204.05,204.47,4054600.0,13.7933333333,13.9466666667,13.6033333333,13.6313333333,60819000,0.0,1.0
208.171,210.81,207.18,209.75,3073800.0,13.8780666667,14.054,13.812,13.9833333333,46107000,0.0,1.0
205.31,209.99,204.2,207.95,2805700.0,13.6873333333,13.9993333333,13.6133333333,13.8633333333,42085500,0.0,1.0
202.3,206.97,201.55,204.43,3514700.0,13.4866666667,13.798,13.4366666667,13.6286666667,52720500,0.0,1.0
204.47,205.0,199.251,201.5,3977500.0,13.6313333333,13.6666666667,13.2834,13.4333333333,59662500,0.0,1.0
203.52,209.88,202.71,205.1,5993700.0,13.568,13.992,13.514,13.6733333333,89905500,0.0,1.0
206.42,206.79,201.584,204.78,3544300.0,13.7613333333,13.786,13.4389333333,13.652,53164500,0.0,1.0
224.61,225.49,206.26,206.76,13193100.0,14.974,15.0326666667,13.7506666667,13.784,197896500,0.0,1.0
231.67,235.54,222.85,224.11,13246700.0,15.4446666667,15.7026666667,14.8566666667,14.9406666667,198700500,0.0,1.0
227.12,231.71,226.12,231.5,6940200.0,15.1413333333,15.4473333333,15.0746666667,15.4333333333,104103000,0.0,1.0
227.79,235.31,227.0,228.88,8793100.0,15.186,15.6873333333,15.1333333333,15.2586666667,131896500,0.0,1.0
229.59,231.29,226.2,228.52,4903900.0,15.306,15.4193333333,15.08,15.2346666667,73558500,0.0,1.0
237.22,238.99,228.22,229.51,7791100.0,15.8146666667,15.9326666667,15.2146666667,15.3006666667,116866500,0.0,1.0
232.5,241.88,231.6278,238.97,8075900.0,15.5,16.1253333333,15.4418533333,15.9313333333,121138500,0.0,1.0
236.891,237.55,230.24,233.05,5801600.0,15.7927333333,15.8366666667,15.3493333333,15.5366666667,87024000,0.0,1.0
235.6,240.4,234.211,237.17,5121400.0,15.7066666667,16.0266666667,15.6140666667,15.8113333333,76821000,0.0,1.0
239.06,240.0,234.5001,234.69,5635000.0,15.9373333333,16.0,15.63334,15.646,84525000,0.0,1.0
240.06,244.49,239.0,239.55,4828600.0,16.004,16.2993333333,15.9333333333,15.97,72429000,0.0,1.0
239.72,243.44,238.7,242.46,4336100.0,15.9813333333,16.2293333333,15.9133333333,16.164,65041500,0.0,1.0
229.425,242.33,227.07,240.66,8027400.0,15.295,16.1553333333,15.138,16.044,120411000,0.0,1.0
229.25,231.8984,224.0,231.29,5166700.0,15.2833333333,15.4598933333,14.9333333333,15.4193333333,77500500,0.0,1.0
222.66,229.78,220.4,227.5,5893700.0,14.844,15.3186666667,14.6933333333,15.1666666667,88405500,0.0,1.0
219.07,220.96,214.27,218.65,7836200.0,14.6046666667,14.7306666667,14.2846666667,14.5766666667,117543000,0.0,1.0
223.06,224.22,219.21,221.27,4115400.0,14.8706666667,14.948,14.614,14.7513333333,61731000,0.0,1.0
219.46,222.22,216.04,217.18,4863900.0,14.6306666667,14.8146666667,14.4026666667,14.4786666667,72958500,0.0,1.0
218.13,221.6,217.6,220.61,3302300.0,14.542,14.7733333333,14.5066666667,14.7073333333,49534500,0.0,1.0
226.7,228.79,215.4502,219.99,7203200.0,15.1133333333,15.2526666667,14.3633466667,14.666,108048000,0.0,1.0
219.58,227.65,218.1,226.73,5718500.0,14.6386666667,15.1766666667,14.54,15.1153333333,85777500,0.0,1.0
217.16,224.8,216.82,221.82,4044500.0,14.4773333333,14.9866666667,14.4546666667,14.788,60667500,0.0,1.0
215.4,220.55,213.6,216.16,4649400.0,14.36,14.7033333333,14.24,14.4106666667,69741000,0.0,1.0
220.0201,221.21,215.93,215.95,4253700.0,14.6680066667,14.7473333333,14.3953333333,14.3966666667,63805500,0.0,1.0
220.54,223.21,216.72,217.25,3822200.0,14.7026666667,14.8806666667,14.448,14.4833333333,57333000,0.0,1.0
219.58,223.3,219.1113,222.19,2730000.0,14.6386666667,14.8866666667,14.60742,14.8126666667,40950000,0.0,1.0
222.49,224.75,219.43,220.01,3083300.0,14.8326666667,14.9833333333,14.6286666667,14.6673333333,46249500,0.0,1.0
223.54,225.1,220.8,223.25,3245500.0,14.9026666667,15.0066666667,14.72,14.8833333333,48682500,0.0,1.0
223.57,226.97,221.75,222.72,3087100.0,14.9046666667,15.1313333333,14.7833333333,14.848,46306500,0.0,1.0
224.82,232.0,221.402,224.25,6514300.0,14.988,15.4666666667,14.7601333333,14.95,97714500,0.0,1.0
225.01,228.3,224.86,226.61,3382400.0,15.0006666667,15.22,14.9906666667,15.1073333333,50736000,0.0,1.0
228.92,229.6,221.04,221.92,4917600.0,15.2613333333,15.3066666667,14.736,14.7946666667,73764000,0.0,1.0
223.3,231.4,221.5,229.26,7678300.0,14.8866666667,15.4266666667,14.7666666667,15.284,115174500,0.0,1.0
233.27,237.5,226.0,226.09,11895800.0,15.5513333333,15.8333333333,15.0666666667,15.0726666667,178437000,0.0,1.0
238.52,240.5,233.27,234.38,5959700.0,15.9013333333,16.0333333333,15.5513333333,15.6253333333,89395500,0.0,1.0
238.49,242.99,235.69,237.47,5371300.0,15.8993333333,16.1993333333,15.7126666667,15.8313333333,80569500,0.0,1.0
248.9301,251.42,238.58,238.9,9235500.0,16.59534,16.7613333333,15.9053333333,15.9266666667,138532500,0.0,1.0
252.39,256.688,249.12,250.12,7464700.0,16.826,17.1125333333,16.608,16.6746666667,111970500,0.0,1.0
248.13,251.76,246.5,251.16,5090100.0,16.542,16.784,16.4333333333,16.744,76351500,0.0,1.0
259.32,263.74,255.0,255.48,8072500.0,17.288,17.5826666667,17.0,17.032,121087500,0.0,1.0
259.96,260.3,254.5801,258.08,6382300.0,17.3306666667,17.3533333333,16.9720066667,17.2053333333,95734500,0.0,1.0
260.31,265.64,259.61,262.01,6919000.0,17.354,17.7093333333,17.3073333333,17.4673333333,103785000,0.0,1.0
261.38,263.0,258.54,262.49,4122800.0,17.4253333333,17.5333333333,17.236,17.4993333333,61842000,0.0,1.0
262.01,262.09,258.5,261.48,3857500.0,17.4673333333,17.4726666667,17.2333333333,17.432,57862500,0.0,1.0
259.94,267.26,259.75,263.25,5836800.0,17.3293333333,17.8173333333,17.3166666667,17.55,87552000,0.0,1.0
256.76,259.33,251.62,258.87,5334800.0,17.1173333333,17.2886666667,16.7746666667,17.258,80022000,0.0,1.0
255.71,258.74,253.0,254.67,3015500.0,17.0473333333,17.2493333333,16.8666666667,16.978,45232500,0.0,1.0
254.34,258.8,253.26,256.52,2915600.0,16.956,17.2533333333,16.884,17.1013333333,43734000,0.0,1.0
256.78,256.9499,252.61,254.54,2833400.0,17.1186666667,17.1299933333,16.8406666667,16.9693333333,42501000,0.0,1.0
262.55,263.68,258.19,258.19,4308000.0,17.5033333333,17.5786666667,17.2126666667,17.2126666667,64620000,0.0,1.0
261.74,265.5,261.66,264.98,3818000.0,17.4493333333,17.7,17.444,17.6653333333,57270000,0.0,1.0
263.25,264.24,260.29,263.5,2985100.0,17.55,17.616,17.3526666667,17.5666666667,44776500,0.0,1.0
263.86,264.48,261.64,261.89,2844900.0,17.5906666667,17.632,17.4426666667,17.4593333333,42673500,0.0,1.0
269.7,272.0,267.51,268.7,6447100.0,17.98,18.1333333333,17.834,17.9133333333,96706500,0.0,1.0
284.12,284.89,274.3,275.5,9804100.0,18.9413333333,18.9926666667,18.2866666667,18.3666666667,147061500,0.0,1.0
281.19,288.0,280.1,287.67,6772300.0,18.746,19.2,18.6733333333,19.178,101584500,0.0,1.0
286.04,291.42,280.4,284.01,8315700.0,19.0693333333,19.428,18.6933333333,18.934,124735500,0.0,1.0
277.39,282.9,272.51,282.55,11169900.0,18.4926666667,18.86,18.1673333333,18.8366666667,167548500,0.0,1.0
282.11,284.88,277.5227,277.62,5501600.0,18.8073333333,18.992,18.5015133333,18.508,82524000,0.0,1.0
278.48,285.49,277.0,282.99,4558800.0,18.5653333333,19.0326666667,18.4666666667,18.866,68382000,0.0,1.0
281.1,281.41,273.66,279.5,3781300.0,18.74,18.7606666667,18.244,18.6333333333,56719500,0.0,1.0
280.31,284.79,278.63,280.46,3766100.0,18.6873333333,18.986,18.5753333333,18.6973333333,56491500,0.0,1.0
279.2,282.39,277.0,280.5,3324600.0,18.6133333333,18.826,18.4666666667,18.7,49869000,0.0,1.0
253.86,274.4,249.13,274.37,16455400.0,16.924,18.2933333333,16.6086666667,18.2913333333,246831000,0.0,1.0
260.74,262.46,252.42,255.15,8300100.0,17.3826666667,17.4973333333,16.828,17.01,124501500,0.0,1.0
261.38,264.7,259.5,262.41,5177700.0,17.4253333333,17.6466666667,17.3,17.494,77665500,0.0,1.0
263.82,265.6,262.32,263.36,3692600.0,17.588,17.7066666667,17.488,17.5573333333,55389000,0.0,1.0
259.32,261.43,255.27,257.99,6810900.0,17.288,17.4286666667,17.018,17.1993333333,102163500,0.0,1.0
250.03,256.02,244.71,255.0,8214100.0,16.6686666667,17.068,16.314,17.0,123211500,0.0,1.0
250.41,253.8,245.0,245.22,5658700.0,16.694,16.92,16.3333333333,16.348,84880500,0.0,1.0
252.14,252.84,247.04,251.12,3739005.0,16.8093333333,16.856,16.4693333333,16.7413333333,56085075,0.0,1.0
246.95,254.96,246.1,252.52,4828483.0,16.4633333333,16.9973333333,16.4066666667,16.8346666667,72427245,0.0,1.0
246.6,249.73,246.07,248.25,3798841.0,16.44,16.6486666667,16.4046666667,16.55,56982615,0.0,1.0
245.26,248.64,241.38,244.0,4854687.0,16.3506666667,16.576,16.092,16.2666666667,72820305,0.0,1.0
242.68,247.65,240.1249,246.92,4248127.0,16.1786666667,16.51,16.0083266667,16.4613333333,63721905,0.0,1.0
240.24,242.66,235.65,242.2,5946510.0,16.016,16.1773333333,15.71,16.1466666667,89197650,0.0,1.0
251.42,252.79,245.36,250.2,9002001.0,16.7613333333,16.8526666667,16.3573333333,16.68,135030015,0.0,1.0
255.21,256.5,251.033,253.06,5408665.0,17.014,17.1,16.7355333333,16.8706666667,81129975,0.0,1.0
260.62,262.49,257.8,259.13,7719055.0,17.3746666667,17.4993333333,17.1866666667,17.2753333333,115785825,0.0,1.0
259.57,261.46,255.73,258.53,4491569.0,17.3046666667,17.4306666667,17.0486666667,17.2353333333,67373535,0.0,1.0
259.28,262.88,252.64,260.1,5062615.0,17.2853333333,17.5253333333,16.8426666667,17.34,75939225,0.0,1.0
257.01,265.54,254.4,262.25,7361316.0,17.134,17.7026666667,16.96,17.4833333333,110419740,0.0,1.0
236.91,245.89,235.2,244.64,12898275.0,15.794,16.3926666667,15.68,16.3093333333,193474125,0.0,1.0
224.59,238.9628,221.0,238.57,11276552.0,14.9726666667,15.9308533333,14.7333333333,15.9046666667,169148280,0.0,1.0
227.06,232.47,223.0,228.25,7112339.0,15.1373333333,15.498,14.8666666667,15.2166666667,106685085,0.0,1.0
229.7,230.99,217.32,220.0,9151648.0,15.3133333333,15.3993333333,14.488,14.6666666667,137274720,0.0,1.0
226.35,229.92,219.1,219.72,5404565.0,15.09,15.328,14.6066666667,14.648,81068475,0.0,1.0
227.48,234.77,226.55,233.38,10551850.0,15.1653333333,15.6513333333,15.1033333333,15.5586666667,158277750,0.0,1.0
230.47,232.4,225.51,226.72,3499686.0,15.3646666667,15.4933333333,15.034,15.1146666667,52495290,0.0,1.0
235.34,235.39,230.8,234.27,4130345.0,15.6893333333,15.6926666667,15.3866666667,15.618,61955175,0.0,1.0
231.1,237.39,230.56,233.19,4123397.0,15.4066666667,15.826,15.3706666667,15.546,61850955,0.0,1.0
235.29,236.28,232.0,234.655,3499882.0,15.686,15.752,15.4666666667,15.6436666667,52498230,0.0,1.0
235.24,237.8,231.2,236.27,3466927.0,15.6826666667,15.8533333333,15.4133333333,15.7513333333,52003905,0.0,1.0
221.67,234.61,220.31,234.25,9553348.0,14.778,15.6406666667,14.6873333333,15.6166666667,143300220,0.0,1.0
242.77,244.6,228.25,229.6,10516297.0,16.1846666667,16.3066666667,15.2166666667,15.3066666667,157744455,0.0,1.0
238.1,241.5,235.64,241.13,4967640.0,15.8733333333,16.1,15.7093333333,16.0753333333,74514600,0.0,1.0
238.66,240.5,235.06,238.14,3228371.0,15.9106666667,16.0333333333,15.6706666667,15.876,48425565,0.0,1.0
241.7,243.12,238.75,242.51,3775327.0,16.1133333333,16.208,15.9166666667,16.1673333333,56629905,0.0,1.0
242.59,247.56,241.32,243.0,4207268.0,16.1726666667,16.504,16.088,16.2,63109020,0.0,1.0
238.93,242.35,236.53,240.49,3682572.0,15.9286666667,16.1566666667,15.7686666667,16.0326666667,55238580,0.0,1.0
230.97,241.36,230.53,241.0,9045925.0,15.398,16.0906666667,15.3686666667,16.0666666667,135688875,0.0,1.0
241.22,246.69,228.5,234.49,15354717.0,16.0813333333,16.446,15.2333333333,15.6326666667,230320755,0.0,1.0
240.2,242.8399,237.2,242.19,5161023.0,16.0133333333,16.1893266667,15.8133333333,16.146,77415345,0.0,1.0
241.93,242.88,236.8,239.11,4577208.0,16.1286666667,16.192,15.7866666667,15.9406666667,68658120,0.0,1.0
251.08,251.82,242.0,242.55,7952565.0,16.7386666667,16.788,16.1333333333,16.17,119288475,0.0,1.0
249.1,252.34,245.58,249.72,5870818.0,16.6066666667,16.8226666667,16.372,16.648,88062270,0.0,1.0
251.7,255.75,250.25,250.62,6236036.0,16.78,17.05,16.6833333333,16.708,93540540,0.0,1.0
258.68,258.85,248.5,250.0,6101145.0,17.2453333333,17.2566666667,16.5666666667,16.6666666667,91517175,0.0,1.0
253.98,259.0,252.02,257.49,4025695.0,16.932,17.2666666667,16.8013333333,17.166,60385425,0.0,1.0
257.7,259.99,255.51,255.86,4474294.0,17.18,17.3326666667,17.034,17.0573333333,67114410,0.0,1.0
247.74,251.88,245.6,250.61,7918486.0,16.516,16.792,16.3733333333,16.7073333333,118777290,0.0,1.0
248.71,250.93,246.0,247.95,3587220.0,16.5806666667,16.7286666667,16.4,16.53,53808300,0.0,1.0
242.78,252.78,242.17,252.21,7485059.0,16.1853333333,16.852,16.1446666667,16.814,112275885,0.0,1.0
246.72,247.6,240.64,245.2,4789708.0,16.448,16.5066666667,16.0426666667,16.3466666667,71845620,0.0,1.0
248.09,249.72,246.0905,247.35,3159804.0,16.5393333333,16.648,16.4060333333,16.49,47397060,0.0,1.0
248.44,249.0,246.6003,248.34,1981819.0,16.5626666667,16.6,16.44002,16.556,29727285,0.0,1.0
244.52,246.6899,242.52,245.35,2119688.0,16.3013333333,16.4459933333,16.168,16.3566666667,31795320,0.0,1.0
231.64,242.47,229.01,241.16,8619351.0,15.4426666667,16.1646666667,15.2673333333,16.0773333333,129290265,0.0,1.0
231.43,234.88,228.0,234.57,5887046.0,15.4286666667,15.6586666667,15.2,15.638,88305690,0.0,1.0
229.3,229.72,225.5,226.25,5307733.0,15.2866666667,15.3146666667,15.0333333333,15.0833333333,79615995,0.0,1.0
228.28,230.9,227.81,228.6,3879208.0,15.2186666667,15.3933333333,15.1873333333,15.24,58188120,0.0,1.0
223.71,229.389,222.26,228.67,6063619.0,14.914,15.2926,14.8173333333,15.2446666667,90954285,0.0,1.0
214.36,224.86,212.34,221.54,9225619.0,14.2906666667,14.9906666667,14.156,14.7693333333,138384285,0.0,1.0
216.89,217.7294,204.27,209.34,9431502.0,14.4593333333,14.5152933333,13.618,13.956,141472530,0.0,1.0
209.84,216.77,207.7,214.13,7314139.0,13.9893333333,14.4513333333,13.8466666667,14.2753333333,109712085,0.0,1.0
208.88,215.43,208.23,210.53,6694398.0,13.9253333333,14.362,13.882,14.0353333333,100415970,0.0,1.0
207.0,211.68,204.5,204.82,7173782.0,13.8,14.112,13.6333333333,13.6546666667,107606730,0.0,1.0
204.04,209.8,202.67,209.29,5218252.0,13.6026666667,13.9866666667,13.5113333333,13.9526666667,78273780,0.0,1.0
197.81,203.68,195.37,200.89,8426105.0,13.1873333333,13.5786666667,13.0246666667,13.3926666667,126391575,0.0,1.0
205.82,206.65,192.65,193.06,7367834.0,13.7213333333,13.7766666667,12.8433333333,12.8706666667,110517510,0.0,1.0
218.26,218.44,211.8,212.38,7483349.0,14.5506666667,14.5626666667,14.12,14.1586666667,112250235,0.0,1.0
219.29,220.4,214.5,220.19,6910461.0,14.6193333333,14.6933333333,14.3,14.6793333333,103656915,0.0,1.0
222.6,224.06,218.26,220.0,4806917.0,14.84,14.9373333333,14.5506666667,14.6666666667,72103755,0.0,1.0
220.97,224.315,219.5242,223.81,4513321.0,14.7313333333,14.9543333333,14.6349466667,14.9206666667,67699815,0.0,1.0
222.26,222.5,219.25,219.77,1333518.0,14.8173333333,14.8333333333,14.6166666667,14.6513333333,20002770,0.0,1.0
227.82,228.5,221.5,221.51,3327016.0,15.188,15.2333333333,14.7666666667,14.7673333333,49905240,0.0,1.0
225.71,227.91,224.02,226.9,2811828.0,15.0473333333,15.194,14.9346666667,15.1266666667,42177420,0.0,1.0
222.23,225.654,221.4,223.99,2903242.0,14.8153333333,15.0436,14.76,14.9326666667,43548630,0.0,1.0
222.41,225.68,222.25,223.09,2402097.0,14.8273333333,15.0453333333,14.8166666667,14.8726666667,36031455,0.0,1.0
219.31,223.25,213.26,222.87,4764443.0,14.6206666667,14.8833333333,14.2173333333,14.858,71466645,0.0,1.0
210.09,216.5,207.1626,214.55,5368477.0,14.006,14.4333333333,13.81084,14.3033333333,80527155,0.0,1.0
211.28,214.2,204.21,210.06,6261936.0,14.0853333333,14.28,13.614,14.004,93929040,0.0,1.0
210.95,214.78,209.78,213.35,2968390.0,14.0633333333,14.3186666667,13.9853333333,14.2233333333,44525850,0.0,1.0
210.615,213.7999,210.01,212.81,3442509.0,14.041,14.2533266667,14.0006666667,14.1873333333,51637635,0.0,1.0
206.66,209.98,204.96,208.92,4580722.0,13.7773333333,13.9986666667,13.664,13.928,68710830,0.0,1.0
202.21,204.47,199.25,203.05,5950280.0,13.4806666667,13.6313333333,13.2833333333,13.5366666667,89254200,0.0,1.0
204.25,207.61,200.911,203.32,4477320.0,13.6166666667,13.8406666667,13.3940666667,13.5546666667,67159800,0.0,1.0
192.69,195.2,185.0,185.83,11551855.0,12.846,13.0133333333,12.3333333333,12.3886666667,173277825,0.0,1.0
191.87,195.7499,190.0,194.49,5216524.0,12.7913333333,13.0499933333,12.6666666667,12.966,78247860,0.0,1.0
193.07,194.49,189.65,190.7,3603158.0,12.8713333333,12.966,12.6433333333,12.7133333333,54047370,0.0,1.0
191.93,194.1199,187.04,193.87,4503182.0,12.7953333333,12.9413266667,12.4693333333,12.9246666667,67547730,0.0,1.0
196.57,198.68,189.51,189.55,4153043.0,13.1046666667,13.2453333333,12.634,12.6366666667,62295645,0.0,1.0
201.62,203.24,195.2,197.0,4116905.0,13.4413333333,13.5493333333,13.0133333333,13.1333333333,61753575,0.0,1.0
201.29,203.5,198.33,200.29,3442371.0,13.4193333333,13.5666666667,13.222,13.3526666667,51635565,0.0,1.0
206.55,208.62,201.05,201.83,3234522.0,13.77,13.908,13.4033333333,13.4553333333,48517830,0.0,1.0
205.98,208.03,203.3,204.42,2781024.0,13.732,13.8686666667,13.5533333333,13.628,41715360,0.0,1.0
199.37,206.368,198.42,206.11,3149606.0,13.2913333333,13.7578666667,13.228,13.7406666667,47244090,0.0,1.0
205.2,205.98,196.5,201.07,3548106.0,13.68,13.732,13.1,13.4046666667,53221590,0.0,1.0
203.6,207.47,203.0,203.96,3006959.0,13.5733333333,13.8313333333,13.5333333333,13.5973333333,45104385,0.0,1.0
210.94,211.9499,203.3,203.97,4149186.0,14.0626666667,14.1299933333,13.5533333333,13.598,62237790,0.0,1.0
218.36,220.37,211.27,213.22,4826244.0,14.5573333333,14.6913333333,14.0846666667,14.2146666667,72393660,0.0,1.0
218.55,221.479,216.8,218.29,3305377.0,14.57,14.7652666667,14.4533333333,14.5526666667,49580655,0.0,1.0
220.99,225.48,219.638,219.88,3522947.0,14.7326666667,15.032,14.6425333333,14.6586666667,52844205,0.0,1.0
217.36,223.4,216.5001,222.0,3243931.0,14.4906666667,14.8933333333,14.43334,14.8,48658965,0.0,1.0
217.48,217.93,211.99,215.38,3472423.0,14.4986666667,14.5286666667,14.1326666667,14.3586666667,52086345,0.0,1.0
216.29,220.5,215.0,217.55,5390542.0,14.4193333333,14.7,14.3333333333,14.5033333333,80858130,0.0,1.0
212.8,214.74,207.28,212.21,9769102.0,14.1866666667,14.316,13.8186666667,14.1473333333,146536530,0.0,1.0
202.88,203.0882,193.28,193.57,15649607.0,13.5253333333,13.5392133333,12.8853333333,12.9046666667,234744105,0.0,1.0
203.77,205.99,200.91,202.9,6191003.0,13.5846666667,13.7326666667,13.394,13.5266666667,92865045,0.0,1.0
204.35,205.7,201.5,205.7,3979647.0,13.6233333333,13.7133333333,13.4333333333,13.7133333333,59694705,0.0,1.0
204.46,206.17,202.6,204.17,2713598.0,13.6306666667,13.7446666667,13.5066666667,13.6113333333,40703970,0.0,1.0
211.705,212.44,203.75,205.0,5154148.0,14.1136666667,14.1626666667,13.5833333333,13.6666666667,77312220,0.0,1.0
217.11,217.6,209.81,210.78,5982089.0,14.474,14.5066666667,13.9873333333,14.052,89731335,0.0,1.0
207.335,218.2,206.33,215.66,8499775.0,13.8223333333,14.5466666667,13.7553333333,14.3773333333,127496625,0.0,1.0
204.11,207.29,201.7,207.29,6603560.0,13.6073333333,13.8193333333,13.4466666667,13.8193333333,99053400,0.0,1.0
203.76,207.14,202.58,204.94,3909520.0,13.584,13.8093333333,13.5053333333,13.6626666667,58642800,0.0,1.0
207.19,211.09,202.22,204.0,6472855.0,13.8126666667,14.0726666667,13.4813333333,13.6,97092825,0.0,1.0
203.34,208.55,202.8,206.9,3882084.0,13.556,13.9033333333,13.52,13.7933333333,58231260,0.0,1.0
197.325,203.34,195.825,202.7,7922065.0,13.155,13.556,13.055,13.5133333333,118830975,0.0,1.0
199.56,200.2435,195.32,196.81,4432329.0,13.304,13.3495666667,13.0213333333,13.1206666667,66484935,0.0,1.0
202.435,202.52,197.21,199.25,4221962.0,13.4956666667,13.5013333333,13.1473333333,13.2833333333,63329430,0.0,1.0
200.63,206.19,200.15,202.85,4877015.0,13.3753333333,13.746,13.3433333333,13.5233333333,73155225,0.0,1.0
193.88,200.75,192.151,199.21,6712438.0,12.9253333333,13.3833333333,12.8100666667,13.2806666667,100686570,0.0,1.0
190.88,194.49,188.25,194.39,6736724.0,12.7253333333,12.966,12.55,12.9593333333,101050860,0.0,1.0
190.32,193.5,187.6,188.46,5579691.0,12.688,12.9,12.5066666667,12.564,83695365,0.0,1.0
193.74,196.18,191.01,191.15,4974871.0,12.916,13.0786666667,12.734,12.7433333333,74623065,0.0,1.0
191.07,194.45,189.75,193.75,4149294.0,12.738,12.9633333333,12.65,12.9166666667,62239410,0.0,1.0
188.68,191.75,187.32,188.95,5434298.0,12.5786666667,12.7833333333,12.488,12.5966666667,81514470,0.0,1.0
195.7,195.91,189.8,192.0,5628783.0,13.0466666667,13.0606666667,12.6533333333,12.8,84431745,0.0,1.0
194.73,198.71,193.94,195.43,4894052.0,12.982,13.2473333333,12.9293333333,13.0286666667,73410780,0.0,1.0
200.71,200.88,193.11,194.96,4820936.0,13.3806666667,13.392,12.874,12.9973333333,72314040,0.0,1.0
195.65,204.59,194.53,202.0,8475244.0,13.0433333333,13.6393333333,12.9686666667,13.4666666667,127128660,0.0,1.0
198.08,198.99,195.621,197.45,4269467.0,13.2053333333,13.266,13.0414,13.1633333333,64042005,0.0,1.0
199.63,200.5,197.47,198.5,2631626.0,13.3086666667,13.3666666667,13.1646666667,13.2333333333,39474390,0.0,1.0
201.72,203.79,199.75,201.58,3649860.0,13.448,13.586,13.3166666667,13.4386666667,54747900,0.0,1.0
194.3,198.59,192.7,198.27,5730389.0,12.9533333333,13.2393333333,12.8466666667,13.218,85955835,0.0,1.0
190.405,194.79,189.7,193.92,4127956.0,12.6936666667,12.986,12.6466666667,12.928,61919340,0.0,1.0
185.0,189.2899,181.4,189.07,8604947.0,12.3333333333,12.6193266667,12.0933333333,12.6046666667,129074205,0.0,1.0
190.57,192.25,181.8,185.85,10089516.0,12.7046666667,12.8166666667,12.12,12.39,151342740,0.0,1.0
188.77,193.76,188.41,193.53,5026569.0,12.5846666667,12.9173333333,12.5606666667,12.902,75398535,0.0,1.0
187.59,192.3,186.05,188.7,3794621.0,12.506,12.82,12.4033333333,12.58,56919315,0.0,1.0
191.0,193.23,190.0,190.23,5010368.0,12.7333333333,12.882,12.6666666667,12.682,75155520,0.0,1.0
203.1,207.75,197.5,198.0,12455811.0,13.54,13.85,13.1666666667,13.2,186837165,0.0,1.0
203.25,205.06,201.14,202.51,4347864.0,13.55,13.6706666667,13.4093333333,13.5006666667,65217960,0.0,1.0
207.67,210.9,205.87,208.2,6303117.0,13.8446666667,14.06,13.7246666667,13.88,94546755,0.0,1.0
210.09,210.37,206.12,208.43,3800225.0,14.006,14.0246666667,13.7413333333,13.8953333333,57003375,0.0,1.0
210.9,211.65,209.0,209.85,4067676.0,14.06,14.11,13.9333333333,13.99,61015140,0.0,1.0
209.78,213.0,209.05,210.435,3758230.0,13.9853333333,14.2,13.9366666667,14.029,56373450,0.0,1.0
207.46,209.49,205.5,208.57,3025963.0,13.8306666667,13.966,13.7,13.9046666667,45389445,0.0,1.0
207.83,209.59,206.6,207.46,1952378.0,13.8553333333,13.9726666667,13.7733333333,13.8306666667,29285670,0.0,1.0
206.7,209.17,206.29,207.7,1659059.0,13.78,13.9446666667,13.7526666667,13.8466666667,24885885,0.0,1.0
206.79,206.88,203.5,204.99,2469926.0,13.786,13.792,13.5666666667,13.666,37048890,0.0,1.0
205.27,207.85,203.85,206.78,2559251.0,13.6846666667,13.8566666667,13.59,13.7853333333,38388765,0.0,1.0
209.41,210.75,204.31,205.8,3432541.0,13.9606666667,14.05,13.6206666667,13.72,51488115,0.0,1.0
219.44,221.88,211.69,212.5,7863037.0,14.6293333333,14.792,14.1126666667,14.1666666667,117945555,0.0,1.0
218.6,221.48,217.1501,218.27,4411184.0,14.5733333333,14.7653333333,14.4766733333,14.5513333333,66167760,0.0,1.0
218.425,220.8,218.01,220.5,2427843.0,14.5616666667,14.72,14.534,14.7,36417645,0.0,1.0
231.55,238.75,222.0,222.56,11672627.0,15.4366666667,15.9166666667,14.8,14.8373333333,175089405,0.0,1.0
230.48,235.5,228.03,234.75,6085379.0,15.3653333333,15.7,15.202,15.65,91280685,0.0,1.0
232.45,234.97,227.63,230.05,3936077.0,15.4966666667,15.6646666667,15.1753333333,15.3366666667,59041155,0.0,1.0
226.05,232.89,225.17,230.39,3911857.0,15.07,15.526,15.0113333333,15.3593333333,58677855,0.0,1.0
226.03,231.77,220.405,229.94,5281689.0,15.0686666667,15.4513333333,14.6936666667,15.3293333333,79225335,0.0,1.0
230.51,234.73,227.11,228.18,4434596.0,15.3673333333,15.6486666667,15.1406666667,15.212,66518940,0.0,1.0
232.95,239.5,229.13,237.76,5796873.0,15.53,15.9666666667,15.2753333333,15.8506666667,86953095,0.0,1.0
230.43,234.47,228.2,234.1,5270933.0,15.362,15.6313333333,15.2133333333,15.6066666667,79063995,0.0,1.0
236.8,237.48,220.25,221.0,9455909.0,15.7866666667,15.832,14.6833333333,14.7333333333,141838635,0.0,1.0
236.61,238.4099,233.7,235.99,4668236.0,15.774,15.8939933333,15.58,15.7326666667,70023540,0.0,1.0
239.49,242.88,235.31,236.29,5672262.0,15.966,16.192,15.6873333333,15.7526666667,85083930,0.0,1.0
244.74,246.35,238.19,240.11,6363429.0,16.316,16.4233333333,15.8793333333,16.0073333333,95451435,0.0,1.0
243.18,248.3,242.25,247.61,5440165.0,16.212,16.5533333333,16.15,16.5073333333,81602475,0.0,1.0
244.1,244.89,241.25,244.82,2895936.0,16.2733333333,16.326,16.0833333333,16.3213333333,43439040,0.0,1.0
248.84,249.4,242.5,243.93,4527563.0,16.5893333333,16.6266666667,16.1666666667,16.262,67913445,0.0,1.0
248.75,249.9,246.0,247.0,3353212.0,16.5833333333,16.66,16.4,16.4666666667,50298180,0.0,1.0
247.14,251.0,246.15,248.43,3674231.0,16.476,16.7333333333,16.41,16.562,55113465,0.0,1.0
244.35,247.74,241.3721,247.13,3755569.0,16.29,16.516,16.0914733333,16.4753333333,56333535,0.0,1.0
245.62,246.62,242.3574,243.03,1970643.0,16.3746666667,16.4413333333,16.15716,16.202,29559645,0.0,1.0
247.73,248.6,245.01,245.38,2223089.0,16.5153333333,16.5733333333,16.334,16.3586666667,33346335,0.0,1.0
247.455,252.0,246.5,247.68,3498682.0,16.497,16.8,16.4333333333,16.512,52480230,0.0,1.0
247.43,249.5,245.55,248.51,3408200.0,16.4953333333,16.6333333333,16.37,16.5673333333,51123000,0.0,1.0
251.45,251.8,245.05,247.03,3647283.0,16.7633333333,16.7866666667,16.3366666667,16.4686666667,54709245,0.0,1.0
250.8,252.8677,249.43,251.0,3789283.0,16.72,16.8578466667,16.6286666667,16.7333333333,56839245,0.0,1.0
249.45,251.6,247.47,251.41,2505057.0,16.63,16.7733333333,16.498,16.7606666667,37575855,0.0,1.0
248.35,249.4,246.3,248.92,2134809.0,16.5566666667,16.6266666667,16.42,16.5946666667,32022135,0.0,1.0
248.99,250.72,247.01,248.2,1781505.0,16.5993333333,16.7146666667,16.4673333333,16.5466666667,26722575,0.0,1.0
245.92,249.3,245.71,247.5,2453615.0,16.3946666667,16.62,16.3806666667,16.5,36804225,0.0,1.0
249.14,249.7,245.68,246.0,3022026.0,16.6093333333,16.6466666667,16.3786666667,16.4,45330390,0.0,1.0
256.29,258.75,250.31,250.85,5016997.0,17.086,17.25,16.6873333333,16.7233333333,75254955,0.0,1.0
256.0,257.74,254.14,255.4,2611146.0,17.0666666667,17.1826666667,16.9426666667,17.0266666667,39167190,0.0,1.0
250.7,254.0,248.5,251.9,3454453.0,16.7133333333,16.9333333333,16.5666666667,16.7933333333,51816795,0.0,1.0
251.41,254.37,250.43,253.26,2044058.0,16.7606666667,16.958,16.6953333333,16.884,30660870,0.0,1.0
250.69,253.46,250.21,250.21,1422335.0,16.7126666667,16.8973333333,16.6806666667,16.6806666667,21335025,0.0,1.0
250.38,251.28,246.01,249.7,2186175.0,16.692,16.752,16.4006666667,16.6466666667,32792625,0.0,1.0
253.12,253.44,249.095,250.13,1984678.0,16.8746666667,16.896,16.6063333333,16.6753333333,29770170,0.0,1.0
260.41,264.36,252.02,252.17,5512920.0,17.3606666667,17.624,16.8013333333,16.8113333333,82693800,0.0,1.0
261.89,263.46,260.02,262.0,2782703.0,17.4593333333,17.564,17.3346666667,17.4666666667,41740545,0.0,1.0
262.51,263.8,260.1,262.4,2463013.0,17.5006666667,17.5866666667,17.34,17.4933333333,36945195,0.0,1.0
259.79,264.4,255.69,262.15,4561079.0,17.3193333333,17.6266666667,17.046,17.4766666667,68416185,0.0,1.0
267.67,268.0,258.57,260.32,3870818.0,17.8446666667,17.8666666667,17.238,17.3546666667,58062270,0.0,1.0
265.17,267.35,263.72,266.98,2412293.0,17.678,17.8233333333,17.5813333333,17.7986666667,36184395,0.0,1.0
268.79,271.41,265.25,266.45,2849204.0,17.9193333333,18.094,17.6833333333,17.7633333333,42738060,0.0,1.0
267.09,269.11,266.0,268.89,3838434.0,17.806,17.9406666667,17.7333333333,17.926,57576510,0.0,1.0
262.02,265.95,260.7,261.95,3478909.0,17.468,17.73,17.38,17.4633333333,52183635,0.0,1.0
268.26,270.92,264.0,264.8,3086935.0,17.884,18.0613333333,17.6,17.6533333333,46304025,0.0,1.0
269.15,272.62,267.8503,271.11,2101224.0,17.9433333333,18.1746666667,17.8566866667,18.074,31518360,0.0,1.0
280.02,282.45,273.31,280.195,7163930.0,18.668,18.83,18.2206666667,18.6796666667,107458950,0.0,1.0
279.72,281.69,276.3,278.88,4121933.0,18.648,18.7793333333,18.42,18.592,61828995,0.0,1.0
267.88,275.2,260.77,275.0,6105126.0,17.8586666667,18.3466666667,17.3846666667,18.3333333333,91576890,0.0,1.0
254.96,260.8,254.31,259.32,6221077.0,16.9973333333,17.3866666667,16.954,17.288,93316155,0.0,1.0
257.92,262.95,256.79,259.08,3334077.0,17.1946666667,17.53,17.1193333333,17.272,50011155,0.0,1.0
259.15,263.0,257.82,262.22,2610858.0,17.2766666667,17.5333333333,17.188,17.4813333333,39162870,0.0,1.0
262.16,262.55,256.05,262.25,2960319.0,17.4773333333,17.5033333333,17.07,17.4833333333,44404785,0.0,1.0
265.65,265.9899,260.51,262.1,1907641.0,17.71,17.73266,17.3673333333,17.4733333333,28614615,0.0,1.0
263.14,267.49,262.08,266.74,2021621.0,17.5426666667,17.8326666667,17.472,17.7826666667,30324315,0.0,1.0
266.68,267.2,263.16,264.22,1615961.0,17.7786666667,17.8133333333,17.544,17.6146666667,24239415,0.0,1.0
274.66,275.54,268.25,272.5,5004099.0,18.3106666667,18.3693333333,17.8833333333,18.1666666667,75061485,0.0,1.0
282.26,286.65,272.54,275.0,4978454.0,18.8173333333,19.11,18.1693333333,18.3333333333,74676810,0.0,1.0
266.77,273.5,266.55,270.05,6108686.0,17.7846666667,18.2333333333,17.77,18.0033333333,91630290,0.0,1.0
267.87,269.44,260.86,261.27,3104960.0,17.858,17.9626666667,17.3906666667,17.418,46574400,0.0,1.0
267.2,269.9,265.27,269.65,2227239.0,17.8133333333,17.9933333333,17.6846666667,17.9766666667,33408585,0.0,1.0
265.41,271.09,263.92,267.38,2836498.0,17.694,18.0726666667,17.5946666667,17.8253333333,42547470,0.0,1.0
253.01,264.4321,250.79,262.43,4694192.0,16.8673333333,17.6288066667,16.7193333333,17.4953333333,70412880,0.0,1.0
264.82,265.4,251.8373,255.75,3895808.0,17.6546666667,17.6933333333,16.7891533333,17.05,58437120,0.0,1.0
263.82,267.89,262.0,264.27,2790095.0,17.588,17.8593333333,17.4666666667,17.618,41851425,0.0,1.0
266.79,266.94,262.11,262.69,2034560.0,17.786,17.796,17.474,17.5126666667,30518400,0.0,1.0
266.15,269.3599,265.123,267.6,2222552.0,17.7433333333,17.9573266667,17.6748666667,17.84,33338280,0.0,1.0
259.99,266.7099,257.07,266.29,2553474.0,17.3326666667,17.78066,17.138,17.7526666667,38302110,0.0,1.0
266.28,266.72,258.34,260.01,2352530.0,17.752,17.7813333333,17.2226666667,17.334,35287950,0.0,1.0
270.13,271.0,260.4,263.58,4798058.0,18.0086666667,18.0666666667,17.36,17.572,71970870,0.0,1.0
246.13,255.0,236.12,249.54,14623754.0,16.4086666667,17.0,15.7413333333,16.636,219356310,0.0,1.0
242.51,243.73,238.39,243.58,5073390.0,16.1673333333,16.2486666667,15.8926666667,16.2386666667,76100850,0.0,1.0
241.14,242.97,236.05,238.15,4185860.0,16.076,16.198,15.7366666667,15.8766666667,62787900,0.0,1.0
237.37,239.3,234.44,237.15,4264939.0,15.8246666667,15.9533333333,15.6293333333,15.81,63974085,0.0,1.0
238.17,239.77,232.74,235.0,3739157.0,15.878,15.9846666667,15.516,15.6666666667,56087355,0.0,1.0
242.51,246.48,239.12,239.86,4689182.0,16.1673333333,16.432,15.9413333333,15.9906666667,70337730,0.0,1.0
243.15,247.93,241.77,247.24,4364810.0,16.21,16.5286666667,16.118,16.4826666667,65472150,0.0,1.0
254.99,256.59,250.51,255.56,7176690.0,16.9993333333,17.106,16.7006666667,17.0373333333,107650350,0.0,1.0
260.72,260.95,253.5601,255.38,4195035.0,17.3813333333,17.3966666667,16.9040066667,17.0253333333,62925525,0.0,1.0
255.25,260.65,255.02,260.33,3604282.0,17.0166666667,17.3766666667,17.0013333333,17.3553333333,54064230,0.0,1.0
242.18,254.56,241.9,252.06,4905757.0,16.1453333333,16.9706666667,16.1266666667,16.804,73586355,0.0,1.0
230.77,243.7999,230.51,236.0,6590234.0,15.3846666667,16.2533266667,15.3673333333,15.7333333333,98853510,0.0,1.0
218.87,231.4,195.0,202.79,9581585.0,14.5913333333,15.4266666667,13.0,13.5193333333,143723775,0.0,1.0
220.03,230.9,219.12,230.52,4327294.0,14.6686666667,15.3933333333,14.608,15.368,64909410,0.0,1.0
224.84,228.0,215.51,227.93,4963042.0,14.9893333333,15.2,14.3673333333,15.1953333333,74445630,0.0,1.0
242.99,244.75,230.81,231.0,7655959.0,16.1993333333,16.3166666667,15.3873333333,15.4,114839385,0.0,1.0
248.48,251.45,241.57,241.86,5513673.0,16.5653333333,16.7633333333,16.1046666667,16.124,82705095,0.0,1.0
249.06,254.95,245.51,245.77,4700232.0,16.604,16.9966666667,16.3673333333,16.3846666667,70503480,0.0,1.0
238.63,246.0,236.97,240.34,5454765.0,15.9086666667,16.4,15.798,16.0226666667,81821475,0.0,1.0
247.69,247.88,239.78,245.14,4629174.0,16.5126666667,16.5253333333,15.9853333333,16.3426666667,69437610,0.0,1.0
245.57,252.08,245.0,252.06,4194772.0,16.3713333333,16.8053333333,16.3333333333,16.804,62921580,0.0,1.0
241.93,244.09,238.2,240.89,3689153.0,16.1286666667,16.2726666667,15.88,16.0593333333,55337295,0.0,1.0
248.17,249.16,244.05,245.05,3138231.0,16.5446666667,16.6106666667,16.27,16.3366666667,47073465,0.0,1.0
248.91,254.25,248.303,252.05,3390788.0,16.594,16.95,16.5535333333,16.8033333333,50861820,0.0,1.0
248.48,250.7231,245.33,247.23,2709024.0,16.5653333333,16.7148733333,16.3553333333,16.482,40635360,0.0,1.0
250.24,250.24,244.73,247.64,2350844.0,16.6826666667,16.6826666667,16.3153333333,16.5093333333,35262660,0.0,1.0
253.19,254.25,249.67,251.1,2890851.0,16.8793333333,16.95,16.6446666667,16.74,43362765,0.0,1.0
253.57,254.6,249.5,252.75,2933466.0,16.9046666667,16.9733333333,16.6333333333,16.85,44001990,0.0,1.0
262.25,262.88,252.88,253.04,4417081.0,17.4833333333,17.5253333333,16.8586666667,16.8693333333,66256215,0.0,1.0
262.07,265.5,260.69,263.96,3585812.0,17.4713333333,17.7,17.3793333333,17.5973333333,53787180,0.0,1.0
260.62,263.82,257.5,257.96,3763064.0,17.3746666667,17.588,17.1666666667,17.1973333333,56445960,0.0,1.0
264.2,271.57,255.8,263.98,6120155.0,17.6133333333,18.1046666667,17.0533333333,17.5986666667,91802325,0.0,1.0
260.94,262.65,255.87,259.03,3664353.0,17.396,17.51,17.058,17.2686666667,54965295,0.0,1.0
261.06,262.08,257.5838,261.95,2600778.0,17.404,17.472,17.1722533333,17.4633333333,39011670,0.0,1.0
263.12,263.45,256.21,259.53,3448191.0,17.5413333333,17.5633333333,17.0806666667,17.302,51722865,0.0,1.0
256.91,266.91,256.15,266.61,3773392.0,17.1273333333,17.794,17.0766666667,17.774,56600880,0.0,1.0
248.43,259.79,246.61,257.35,4881802.0,16.562,17.3193333333,16.4406666667,17.1566666667,73227030,0.0,1.0
246.65,254.73,245.46,250.46,3703154.0,16.4433333333,16.982,16.364,16.6973333333,55547310,0.0,1.0
248.4,252.4,242.34,252.0,4879816.0,16.56,16.8266666667,16.156,16.8,73197240,0.0,1.0
239.88,248.5,237.13,247.51,4572964.0,15.992,16.5666666667,15.8086666667,16.5006666667,68594460,0.0,1.0
247.57,247.7,234.93,235.6,4423982.0,16.5046666667,16.5133333333,15.662,15.7066666667,66359730,0.0,1.0
246.15,249.84,244.13,248.84,3689865.0,16.41,16.656,16.2753333333,16.5893333333,55347975,0.0,1.0
241.46,243.03,235.58,240.0,5235897.0,16.0973333333,16.202,15.7053333333,16.0,78538455,0.0,1.0
231.96,237.7,229.12,236.63,6813959.0,15.464,15.8466666667,15.2746666667,15.7753333333,102209385,0.0,1.0
226.72,230.72,221.31,230.08,6133216.0,15.1146666667,15.3813333333,14.754,15.3386666667,91998240,0.0,1.0
220.69,224.37,218.36,220.93,6158370.0,14.7126666667,14.958,14.5573333333,14.7286666667,92375550,0.0,1.0
215.58,223.0,215.27,222.99,3836303.0,14.372,14.8666666667,14.3513333333,14.866,57544545,0.0,1.0
219.25,222.522,211.13,213.28,5171535.0,14.6166666667,14.8348,14.0753333333,14.2186666667,77573025,0.0,1.0
216.88,220.95,215.43,220.67,3104446.0,14.4586666667,14.73,14.362,14.7113333333,46566690,0.0,1.0
221.31,221.73,213.7,216.43,2844233.0,14.754,14.782,14.2466666667,14.4286666667,42663495,0.0,1.0
227.01,230.4805,222.87,223.04,4334493.0,15.134,15.3653666667,14.858,14.8693333333,65017395,0.0,1.0
228.1,231.15,224.94,226.5,2507895.0,15.2066666667,15.41,14.996,15.1,37618425,0.0,1.0
213.03,228.6,202.0,227.72,14900047.0,14.202,15.24,13.4666666667,15.1813333333,223500705,0.0,1.0
210.09,214.81,208.8,211.99,4183471.0,14.006,14.3206666667,13.92,14.1326666667,62752065,0.0,1.0
211.72,215.75,209.4,211.56,2825159.0,14.1146666667,14.3833333333,13.96,14.104,42377385,0.0,1.0
209.09,215.35,207.69,215.0,4235462.0,13.9393333333,14.3566666667,13.846,14.3333333333,63531930,0.0,1.0
215.26,215.88,210.0,211.38,3391438.0,14.3506666667,14.392,14.0,14.092,50871570,0.0,1.0
210.35,217.1,207.51,214.84,3519449.0,14.0233333333,14.4733333333,13.834,14.3226666667,52791735,0.0,1.0
212.96,213.45,208.3,211.31,2728593.0,14.1973333333,14.23,13.8866666667,14.0873333333,40928895,0.0,1.0
211.63,213.7481,210.64,211.75,1805032.0,14.1086666667,14.2498733333,14.0426666667,14.1166666667,27075480,0.0,1.0
206.93,211.63,203.89,210.4,4438901.0,13.7953333333,14.1086666667,13.5926666667,14.0266666667,66583515,0.0,1.0
213.79,215.8,207.22,208.92,3927944.0,14.2526666667,14.3866666667,13.8146666667,13.928,58919160,0.0,1.0
208.35,214.44,207.75,213.85,8332486.0,13.89,14.296,13.85,14.2566666667,124987290,0.0,1.0
231.63,232.74,225.2,227.0,12726366.0,15.442,15.516,15.0133333333,15.1333333333,190895490,0.0,1.0
231.77,234.5843,229.19,230.58,4496843.0,15.4513333333,15.6389533333,15.2793333333,15.372,67452645,0.0,1.0
232.36,233.359,229.5,230.7,2445293.0,15.4906666667,15.5572666667,15.3,15.38,36679395,0.0,1.0
225.33,232.99,224.31,232.99,3850860.0,15.022,15.5326666667,14.954,15.5326666667,57762900,0.0,1.0
216.5,223.7,216.08,223.48,4617007.0,14.4333333333,14.9133333333,14.4053333333,14.8986666667,69255105,0.0,1.0
219.08,219.48,213.63,217.77,3347806.0,14.6053333333,14.632,14.242,14.518,50217090,0.0,1.0
212.94,219.0,212.66,217.85,2915900.0,14.196,14.6,14.1773333333,14.5233333333,43738500,0.0,1.0
207.19,212.99,206.52,212.95,3430327.0,13.8126666667,14.1993333333,13.768,14.1966666667,51454905,0.0,1.0
214.31,214.98,205.8,206.09,2925395.0,14.2873333333,14.332,13.72,13.7393333333,43880925,0.0,1.0
214.0,216.0,211.4,215.2,2148326.0,14.2666666667,14.4,14.0933333333,14.3466666667,32224890,0.0,1.0
221.07,221.38,212.52,214.5,2811900.0,14.738,14.7586666667,14.168,14.3,42178500,0.0,1.0
221.8,226.19,220.3,220.54,2504375.0,14.7866666667,15.0793333333,14.6866666667,14.7026666667,37565625,0.0,1.0
220.01,225.0,213.58,223.49,4400722.0,14.6673333333,15.0,14.2386666667,14.8993333333,66010830,0.0,1.0
217.75,219.18,214.6798,217.35,2526199.0,14.5166666667,14.612,14.3119866667,14.49,37892985,0.0,1.0
218.25,221.0,215.0,215.37,2480293.0,14.55,14.7333333333,14.3333333333,14.358,37204395,0.0,1.0
229.64,230.825,220.375,221.34,3990779.0,15.3093333333,15.3883333333,14.6916666667,14.756,59861685,0.0,1.0
231.61,232.25,227.01,231.06,1949353.0,15.4406666667,15.4833333333,15.134,15.404,29240295,0.0,1.0
230.26,234.28,229.08,231.79,2659813.0,15.3506666667,15.6186666667,15.272,15.4526666667,39897195,0.0,1.0
237.19,238.0,231.05,231.06,3733955.0,15.8126666667,15.8666666667,15.4033333333,15.404,56009325,0.0,1.0
231.99,238.6,231.23,237.0,2981468.0,15.466,15.9066666667,15.4153333333,15.8,44722020,0.0,1.0
232.71,237.45,230.0,235.48,2939564.0,15.514,15.83,15.3333333333,15.6986666667,44093460,0.0,1.0
230.38,233.27,227.66,232.46,2573603.0,15.3586666667,15.5513333333,15.1773333333,15.4973333333,38604045,0.0,1.0
231.13,235.63,226.15,227.7,3144223.0,15.4086666667,15.7086666667,15.0766666667,15.18,47163345,0.0,1.0
226.72,228.8,224.2,227.52,2687636.0,15.1146666667,15.2533333333,14.9466666667,15.168,40314540,0.0,1.0
224.52,227.5,220.72,226.7,3057753.0,14.968,15.1666666667,14.7146666667,15.1133333333,45866295,0.0,1.0
227.07,228.49,223.64,224.71,2071692.0,15.138,15.2326666667,14.9093333333,14.9806666667,31075380,0.0,1.0
217.02,225.75,216.64,225.24,3268726.0,14.468,15.05,14.4426666667,15.016,49030890,0.0,1.0
218.58,220.92,214.87,217.51,2831518.0,14.572,14.728,14.3246666667,14.5006666667,42472770,0.0,1.0
221.09,222.22,218.0,221.82,2244424.0,14.7393333333,14.8146666667,14.5333333333,14.788,33666360,0.0,1.0
234.51,234.88,220.73,222.1,5104341.0,15.634,15.6586666667,14.7153333333,14.8066666667,76565115,0.0,1.0
233.39,237.76,229.8149,233.94,3298638.0,15.5593333333,15.8506666667,15.3209933333,15.596,49479570,0.0,1.0
230.46,235.9,229.29,232.89,3014170.0,15.364,15.7266666667,15.286,15.526,45212550,0.0,1.0
232.56,235.83,231.08,231.69,1953174.0,15.504,15.722,15.4053333333,15.446,29297610,0.0,1.0
229.95,236.55,229.63,234.99,1961495.0,15.33,15.77,15.3086666667,15.666,29422425,0.0,1.0
229.7,233.45,228.13,232.18,1554979.0,15.3133333333,15.5633333333,15.2086666667,15.4786666667,23324685,0.0,1.0
230.57,231.88,228.28,230.56,710277.0,15.3713333333,15.4586666667,15.2186666667,15.3706666667,10654155,0.0,1.0
228.95,231.98,225.54,231.49,1901304.0,15.2633333333,15.4653333333,15.036,15.4326666667,28519560,0.0,1.0
237.19,237.72,229.547,230.06,2406290.0,15.8126666667,15.848,15.3031333333,15.3373333333,36094350,0.0,1.0
238.09,243.634,235.6707,236.6,3697921.0,15.8726666667,16.2422666667,15.71138,15.7733333333,55468815,0.0,1.0
240.01,243.45,238.37,238.51,2715038.0,16.0006666667,16.23,15.8913333333,15.9006666667,40725570,0.0,1.0
